input_length,size_MiB_total,size_MB_total,size_KiB_total,size_KB_total,config,runs,mean_acc,std_acc
101,0.194035,0.20346,198.691,203.46,INT 8-8-8-8,5,99.205,0.2454
101,0.193653,0.20306,198.301,203.06,INT 8-8-8-4,5,99.2302,0.2269
101,0.193462,0.20286,198.105,202.86,INT 8-8-8-2,5,99.203,0.2494
101,0.097713,0.10246,100.059,102.46,INT 8-8-4-8,5,99.2096,0.239
101,0.097332,0.10206,99.668,102.06,INT 8-8-4-4,5,99.1864,0.2691
101,0.097141,0.10186,99.473,101.86,INT 8-8-4-2,5,99.206,0.2283
101,0.049553,0.05196,50.742,51.96,INT 8-8-2-8,5,99.19,0.2386
101,0.049171,0.05156,50.352,51.56,INT 8-8-2-4,5,99.216,0.2133
101,0.048981,0.05136,50.156,51.36,INT 8-8-2-2,5,99.173,0.2484
101,0.193892,0.20331,198.545,203.31,INT 8-4-8-8,5,99.1886,0.2178
101,0.19351,0.20291,198.154,202.91,INT 8-4-8-4,5,99.189,0.2443
101,0.193319,0.20271,197.959,202.71,INT 8-4-8-2,5,99.1606,0.2158
101,0.09757,0.10231,99.912,102.31,INT 8-4-4-8,5,99.1844,0.2508
101,0.097189,0.10191,99.521,101.91,INT 8-4-4-4,5,99.187,0.2141
101,0.096998,0.10171,99.326,101.71,INT 8-4-4-2,5,99.0792,0.3489
101,0.04941,0.05181,50.596,51.81,INT 8-4-2-8,5,99.176,0.2499
101,0.049028,0.05141,50.205,51.41,INT 8-4-2-4,5,99.1898,0.2187
101,0.048838,0.05121,50.01,51.21,INT 8-4-2-2,5,99.136,0.2334
101,0.19382,0.203235,198.472,203.235,INT 8-2-8-8,5,98.8866,0.3821
101,0.193439,0.202835,198.081,202.835,INT 8-2-8-4,5,98.9476,0.4291
101,0.193248,0.202635,197.886,202.635,INT 8-2-8-2,5,98.9658,0.4717
101,0.097499,0.102235,99.839,102.235,INT 8-2-4-8,5,99.0066,0.5483
101,0.097117,0.101835,99.448,101.835,INT 8-2-4-4,5,99.02,0.482
101,0.096927,0.101635,99.253,101.635,INT 8-2-4-2,5,98.9816,0.4903
101,0.049338,0.051735,50.522,51.735,INT 8-2-2-8,5,98.9676,0.4054
101,0.048957,0.051335,50.132,51.335,INT 8-2-2-4,5,98.9762,0.3709
101,0.048766,0.051135,49.937,51.135,INT 8-2-2-2,5,98.9418,0.4364
101,0.194006,0.20343,198.662,203.43,INT 4-8-8-8,5,98.7858,0.2746
101,0.193624,0.20303,198.271,203.03,INT 4-8-8-4,5,98.795,0.2719
101,0.193434,0.20283,198.076,202.83,INT 4-8-8-2,5,98.7862,0.286
101,0.097685,0.10243,100.029,102.43,INT 4-8-4-8,5,98.7872,0.279
101,0.097303,0.10203,99.639,102.03,INT 4-8-4-4,5,98.781,0.2702
101,0.097113,0.10183,99.443,101.83,INT 4-8-4-2,5,98.7608,0.2326
101,0.049524,0.05193,50.713,51.93,INT 4-8-2-8,5,98.819,0.3493
101,0.049143,0.05153,50.322,51.53,INT 4-8-2-4,5,98.8172,0.3469
101,0.048952,0.05133,50.127,51.33,INT 4-8-2-2,5,98.856,0.3193
101,0.193863,0.20328,198.516,203.28,INT 4-4-8-8,5,98.7376,0.3299
101,0.193481,0.20288,198.125,202.88,INT 4-4-8-4,5,98.8126,0.2716
101,0.193291,0.20268,197.93,202.68,INT 4-4-8-2,5,98.8172,0.326
101,0.097542,0.10228,99.883,102.28,INT 4-4-4-8,5,98.7388,0.3327
101,0.09716,0.10188,99.492,101.88,INT 4-4-4-4,5,98.8376,0.2555
101,0.09697,0.10168,99.297,101.68,INT 4-4-4-2,5,98.8454,0.3142
101,0.049381,0.05178,50.566,51.78,INT 4-4-2-8,5,98.78,0.3488
101,0.049,0.05138,50.176,51.38,INT 4-4-2-4,5,98.789,0.3552
101,0.048809,0.05118,49.98,51.18,INT 4-4-2-2,5,98.8516,0.347
101,0.193791,0.203205,198.442,203.205,INT 4-2-8-8,5,98.5906,0.4962
101,0.19341,0.202805,198.052,202.805,INT 4-2-8-4,5,98.4986,0.3833
101,0.193219,0.202605,197.856,202.605,INT 4-2-8-2,5,98.505,0.5267
101,0.09747,0.102205,99.81,102.205,INT 4-2-4-8,5,98.6146,0.4741
101,0.097089,0.101805,99.419,101.805,INT 4-2-4-4,5,98.6084,0.51
101,0.096898,0.101605,99.224,101.605,INT 4-2-4-2,5,98.553,0.5471
101,0.04931,0.051705,50.493,51.705,INT 4-2-2-8,5,98.5808,0.4365
101,0.048928,0.051305,50.103,51.305,INT 4-2-2-4,5,98.5256,0.3607
101,0.048738,0.051105,49.907,51.105,INT 4-2-2-2,5,98.558,0.5038
101,0.193992,0.203415,198.647,203.415,INT 2-8-8-8,5,94.252,3.3117
101,0.19361,0.203015,198.257,203.015,INT 2-8-8-4,5,94.2066,3.3314
101,0.193419,0.202815,198.062,202.815,INT 2-8-8-2,5,94.1994,3.313
101,0.097671,0.102415,100.015,102.415,INT 2-8-4-8,5,94.2344,3.2956
101,0.097289,0.102015,99.624,102.015,INT 2-8-4-4,5,94.2182,3.2903
101,0.097098,0.101815,99.429,101.815,INT 2-8-4-2,5,94.1238,3.3732
101,0.04951,0.051915,50.698,51.915,INT 2-8-2-8,5,94.3526,3.3287
101,0.049129,0.051515,50.308,51.515,INT 2-8-2-4,5,94.3012,3.3348
101,0.048938,0.051315,50.112,51.315,INT 2-8-2-2,5,94.1276,3.6323
101,0.193849,0.203265,198.501,203.265,INT 2-4-8-8,5,93.4548,4.2034
101,0.193467,0.202865,198.11,202.865,INT 2-4-8-4,5,94.4956,2.7905
101,0.193276,0.202665,197.915,202.665,INT 2-4-8-2,5,94.2328,2.9693
101,0.097528,0.102265,99.868,102.265,INT 2-4-4-8,5,94.4008,2.8126
101,0.097146,0.101865,99.478,101.865,INT 2-4-4-4,5,94.64,2.873
101,0.096955,0.101665,99.282,101.665,INT 2-4-4-2,5,94.3454,3.071
101,0.049367,0.051765,50.552,51.765,INT 2-4-2-8,5,94.3368,2.9914
101,0.048985,0.051365,50.161,51.365,INT 2-4-2-4,5,94.4704,2.9479
101,0.048795,0.051165,49.966,51.165,INT 2-4-2-2,5,94.5032,3.0709
101,0.193777,0.20319,198.428,203.19,INT 2-2-8-8,5,93.8558,2.5268
101,0.193396,0.20279,198.037,202.79,INT 2-2-8-4,5,93.5502,3.1921
101,0.193205,0.20259,197.842,202.59,INT 2-2-8-2,5,93.7622,3.4017
101,0.097456,0.10219,99.795,102.19,INT 2-2-4-8,5,94.1194,3.0257
101,0.097075,0.10179,99.404,101.79,INT 2-2-4-4,5,93.7066,2.9671
101,0.096884,0.10159,99.209,101.59,INT 2-2-4-2,5,93.631,3.3851
101,0.049295,0.05169,50.479,51.69,INT 2-2-2-8,5,94.3374,2.6959
101,0.048914,0.05129,50.088,51.29,INT 2-2-2-4,5,93.997,3.2491
101,0.048723,0.05109,49.893,51.09,INT 2-2-2-2,5,93.7196,3.4918
91,0.174961,0.18346,179.16,183.46,INT 8-8-8-8,5,99.2194,0.2307
91,0.17458,0.18306,178.77,183.06,INT 8-8-8-4,5,99.2238,0.2375
91,0.174389,0.18286,178.574,182.86,INT 8-8-8-2,5,99.2072,0.2217
91,0.088177,0.09246,90.293,92.46,INT 8-8-4-8,5,99.2262,0.2249
91,0.087795,0.09206,89.902,92.06,INT 8-8-4-4,5,99.2316,0.2493
91,0.087605,0.09186,89.707,91.86,INT 8-8-4-2,5,99.2022,0.2153
91,0.044785,0.04696,45.859,46.96,INT 8-8-2-8,5,99.2228,0.2172
91,0.044403,0.04656,45.469,46.56,INT 8-8-2-4,5,99.2158,0.222
91,0.044212,0.04636,45.273,46.36,INT 8-8-2-2,5,99.2068,0.2175
91,0.174818,0.18331,179.014,183.31,INT 8-4-8-8,5,99.1908,0.1957
91,0.174437,0.18291,178.623,182.91,INT 8-4-8-4,5,99.2026,0.2133
91,0.174246,0.18271,178.428,182.71,INT 8-4-8-2,5,99.0876,0.222
91,0.088034,0.09231,90.146,92.31,INT 8-4-4-8,5,99.1906,0.1925
91,0.087652,0.09191,89.756,91.91,INT 8-4-4-4,5,99.2138,0.2113
91,0.087461,0.09171,89.561,91.71,INT 8-4-4-2,5,99.173,0.2613
91,0.044641,0.04681,45.713,46.81,INT 8-4-2-8,5,99.1482,0.1779
91,0.04426,0.04641,45.322,46.41,INT 8-4-2-4,5,99.1884,0.2243
91,0.044069,0.04621,45.127,46.21,INT 8-4-2-2,5,99.1886,0.2294
91,0.174747,0.183235,178.94,183.235,INT 8-2-8-8,5,98.8238,0.223
91,0.174365,0.182835,178.55,182.835,INT 8-2-8-4,5,98.7858,0.2916
91,0.174174,0.182635,178.354,182.635,INT 8-2-8-2,5,98.7948,0.2905
91,0.087962,0.092235,90.073,92.235,INT 8-2-4-8,5,98.8328,0.3367
91,0.087581,0.091835,89.683,91.835,INT 8-2-4-4,5,98.7826,0.2115
91,0.08739,0.091635,89.487,91.635,INT 8-2-4-2,5,98.7254,0.2425
91,0.04457,0.046735,45.64,46.735,INT 8-2-2-8,5,98.8408,0.2891
91,0.044188,0.046335,45.249,46.335,INT 8-2-2-4,5,98.8296,0.2847
91,0.043998,0.046135,45.054,46.135,INT 8-2-2-2,5,98.6602,0.4453
91,0.174932,0.18343,179.131,183.43,INT 4-8-8-8,5,98.4556,0.4388
91,0.174551,0.18303,178.74,183.03,INT 4-8-8-4,5,98.4486,0.358
91,0.17436,0.18283,178.545,182.83,INT 4-8-8-2,5,98.4214,0.3507
91,0.088148,0.09243,90.264,92.43,INT 4-8-4-8,5,98.6036,0.3899
91,0.087767,0.09203,89.873,92.03,INT 4-8-4-4,5,98.5156,0.3026
91,0.087576,0.09183,89.678,91.83,INT 4-8-4-2,5,98.3892,0.3543
91,0.044756,0.04693,45.83,46.93,INT 4-8-2-8,5,98.453,0.2729
91,0.044374,0.04653,45.439,46.53,INT 4-8-2-4,5,98.495,0.281
91,0.044184,0.04633,45.244,46.33,INT 4-8-2-2,5,98.4628,0.2523
91,0.174789,0.18328,178.984,183.28,INT 4-4-8-8,5,98.3882,0.3919
91,0.174408,0.18288,178.594,182.88,INT 4-4-8-4,5,98.3994,0.5116
91,0.174217,0.18268,178.398,182.68,INT 4-4-8-2,5,98.3488,0.3895
91,0.088005,0.09228,90.117,92.28,INT 4-4-4-8,5,98.4008,0.4975
91,0.087624,0.09188,89.727,91.88,INT 4-4-4-4,5,98.4362,0.4745
91,0.087433,0.09168,89.531,91.68,INT 4-4-4-2,5,98.4168,0.4471
91,0.044613,0.04678,45.684,46.78,INT 4-4-2-8,5,98.4462,0.4298
91,0.044231,0.04638,45.293,46.38,INT 4-4-2-4,5,98.428,0.3975
91,0.044041,0.04618,45.098,46.18,INT 4-4-2-2,5,98.4046,0.402
91,0.174718,0.183205,178.911,183.205,INT 4-2-8-8,5,97.6948,1.5048
91,0.174336,0.182805,178.521,182.805,INT 4-2-8-4,5,98.1858,0.6415
91,0.174146,0.182605,178.325,182.605,INT 4-2-8-2,5,98.0984,0.5489
91,0.087934,0.092205,90.044,92.205,INT 4-2-4-8,5,97.934,0.6575
91,0.087552,0.091805,89.653,91.805,INT 4-2-4-4,5,98.0438,0.654
91,0.087361,0.091605,89.458,91.605,INT 4-2-4-2,5,98.0638,0.6357
91,0.044541,0.046705,45.61,46.705,INT 4-2-2-8,5,97.8932,0.929
91,0.04416,0.046305,45.22,46.305,INT 4-2-2-4,5,97.9662,0.8854
91,0.043969,0.046105,45.024,46.105,INT 4-2-2-2,5,97.8004,0.992
91,0.174918,0.183415,179.116,183.415,INT 2-8-8-8,5,93.5452,4.975
91,0.174537,0.183015,178.726,183.015,INT 2-8-8-4,5,93.6234,4.7963
91,0.174346,0.182815,178.53,182.815,INT 2-8-8-2,5,93.4044,5.0671
91,0.088134,0.092415,90.249,92.415,INT 2-8-4-8,5,93.6632,4.7079
91,0.087752,0.092015,89.858,92.015,INT 2-8-4-4,5,93.6852,4.6531
91,0.087562,0.091815,89.663,91.815,INT 2-8-4-2,5,93.4706,4.8646
91,0.044742,0.046915,45.815,46.915,INT 2-8-2-8,5,93.9782,4.3398
91,0.04436,0.046515,45.425,46.515,INT 2-8-2-4,5,93.9376,4.3283
91,0.044169,0.046315,45.229,46.315,INT 2-8-2-2,5,93.744,4.5551
91,0.174775,0.183265,178.97,183.265,INT 2-4-8-8,5,93.1304,5.6791
91,0.174394,0.182865,178.579,182.865,INT 2-4-8-4,5,92.9516,5.8897
91,0.174203,0.182665,178.384,182.665,INT 2-4-8-2,5,93.218,5.008
91,0.087991,0.092265,90.103,92.265,INT 2-4-4-8,5,93.2974,5.3037
91,0.087609,0.091865,89.712,91.865,INT 2-4-4-4,5,93.283,5.2872
91,0.087419,0.091665,89.517,91.665,INT 2-4-4-2,5,92.9418,5.6304
91,0.044599,0.046765,45.669,46.765,INT 2-4-2-8,5,93.7686,4.2872
91,0.044217,0.046365,45.278,46.365,INT 2-4-2-4,5,93.5516,4.653
91,0.044026,0.046165,45.083,46.165,INT 2-4-2-2,5,93.3596,4.576
91,0.174704,0.18319,178.896,183.19,INT 2-2-8-8,5,93.5396,3.6341
91,0.174322,0.18279,178.506,182.79,INT 2-2-8-4,5,93.532,3.7673
91,0.174131,0.18259,178.311,182.59,INT 2-2-8-2,5,93.473,3.7986
91,0.087919,0.09219,90.029,92.19,INT 2-2-4-8,5,93.7936,3.3817
91,0.087538,0.09179,89.639,91.79,INT 2-2-4-4,5,93.6568,3.4304
91,0.087347,0.09159,89.443,91.59,INT 2-2-4-2,5,93.2966,3.7507
91,0.044527,0.04669,45.596,46.69,INT 2-2-2-8,5,93.717,3.3187
91,0.044146,0.04629,45.205,46.29,INT 2-2-2-4,5,93.8888,3.2631
91,0.043955,0.04609,45.01,46.09,INT 2-2-2-2,5,93.6158,3.6095
81,0.155888,0.16346,159.629,163.46,INT 8-8-8-8,5,98.6734,0.3193
81,0.155506,0.16306,159.238,163.06,INT 8-8-8-4,5,98.6728,0.3335
81,0.155315,0.16286,159.043,162.86,INT 8-8-8-2,5,98.6664,0.3282
81,0.07864,0.08246,80.527,82.46,INT 8-8-4-8,5,98.6692,0.3448
81,0.078259,0.08206,80.137,82.06,INT 8-8-4-4,5,98.6624,0.3342
81,0.078068,0.08186,79.941,81.86,INT 8-8-4-2,5,98.649,0.3219
81,0.040016,0.04196,40.977,41.96,INT 8-8-2-8,5,98.6832,0.3113
81,0.039635,0.04156,40.586,41.56,INT 8-8-2-4,5,98.6604,0.3081
81,0.039444,0.04136,40.391,41.36,INT 8-8-2-2,5,98.672,0.3285
81,0.155745,0.16331,159.482,163.31,INT 8-4-8-8,5,98.6606,0.3085
81,0.155363,0.16291,159.092,162.91,INT 8-4-8-4,5,98.6342,0.3179
81,0.155172,0.16271,158.896,162.71,INT 8-4-8-2,5,98.639,0.3116
81,0.078497,0.08231,80.381,82.31,INT 8-4-4-8,5,98.624,0.2831
81,0.078115,0.08191,79.99,81.91,INT 8-4-4-4,5,98.6744,0.3634
81,0.077925,0.08171,79.795,81.71,INT 8-4-4-2,5,98.6412,0.3767
81,0.039873,0.04181,40.83,41.81,INT 8-4-2-8,5,98.6194,0.3558
81,0.039492,0.04141,40.439,41.41,INT 8-4-2-4,5,98.6494,0.3506
81,0.039301,0.04121,40.244,41.21,INT 8-4-2-2,5,98.6582,0.3714
81,0.155673,0.163235,159.409,163.235,INT 8-2-8-8,5,98.0296,0.6927
81,0.155292,0.162835,159.019,162.835,INT 8-2-8-4,5,98.1244,0.5381
81,0.155101,0.162635,158.823,162.635,INT 8-2-8-2,5,98.1508,0.5334
81,0.078425,0.082235,80.308,82.235,INT 8-2-4-8,5,98.2222,0.5296
81,0.078044,0.081835,79.917,81.835,INT 8-2-4-4,5,98.0988,0.5693
81,0.077853,0.081635,79.722,81.635,INT 8-2-4-2,5,98.2202,0.4785
81,0.039802,0.041735,40.757,41.735,INT 8-2-2-8,5,98.2628,0.4495
81,0.03942,0.041335,40.366,41.335,INT 8-2-2-4,5,98.3276,0.4909
81,0.039229,0.041135,40.171,41.135,INT 8-2-2-2,5,98.1492,0.5194
81,0.155859,0.16343,159.6,163.43,INT 4-8-8-8,5,98.5284,0.2146
81,0.155478,0.16303,159.209,163.03,INT 4-8-8-4,5,98.5236,0.2138
81,0.155287,0.16283,159.014,162.83,INT 4-8-8-2,5,98.5248,0.1855
81,0.078611,0.08243,80.498,82.43,INT 4-8-4-8,5,98.5328,0.199
81,0.07823,0.08203,80.107,82.03,INT 4-8-4-4,5,98.5274,0.2044
81,0.078039,0.08183,79.912,81.83,INT 4-8-4-2,5,98.513,0.1968
81,0.039988,0.04193,40.947,41.93,INT 4-8-2-8,5,98.5238,0.1864
81,0.039606,0.04153,40.557,41.53,INT 4-8-2-4,5,98.5352,0.2016
81,0.039415,0.04133,40.361,41.33,INT 4-8-2-2,5,98.5286,0.1616
81,0.155716,0.16328,159.453,163.28,INT 4-4-8-8,5,98.529,0.2664
81,0.155334,0.16288,159.062,162.88,INT 4-4-8-4,5,98.505,0.246
81,0.155144,0.16268,158.867,162.68,INT 4-4-8-2,5,98.4938,0.2686
81,0.078468,0.08228,80.352,82.28,INT 4-4-4-8,5,98.4974,0.2424
81,0.078087,0.08188,79.961,81.88,INT 4-4-4-4,5,98.4808,0.2375
81,0.077896,0.08168,79.766,81.68,INT 4-4-4-2,5,98.4942,0.2599
81,0.039845,0.04178,40.801,41.78,INT 4-4-2-8,5,98.4824,0.28
81,0.039463,0.04138,40.41,41.38,INT 4-4-2-4,5,98.4078,0.3976
81,0.039272,0.04118,40.215,41.18,INT 4-4-2-2,5,98.5188,0.2465
81,0.155644,0.163205,159.38,163.205,INT 4-2-8-8,5,97.848,0.6935
81,0.155263,0.162805,158.989,162.805,INT 4-2-8-4,5,97.9854,0.4836
81,0.155072,0.162605,158.794,162.605,INT 4-2-8-2,5,97.9856,0.4756
81,0.078397,0.082205,80.278,82.205,INT 4-2-4-8,5,97.9608,0.4998
81,0.078015,0.081805,79.888,81.805,INT 4-2-4-4,5,97.9518,0.5196
81,0.077825,0.081605,79.692,81.605,INT 4-2-4-2,5,97.6318,0.7993
81,0.039773,0.041705,40.728,41.705,INT 4-2-2-8,5,97.6946,0.8295
81,0.039392,0.041305,40.337,41.305,INT 4-2-2-4,5,97.8898,0.447
81,0.039201,0.041105,40.142,41.105,INT 4-2-2-2,5,97.6776,0.8606
81,0.155845,0.163415,159.585,163.415,INT 2-8-8-8,5,95.0594,1.3526
81,0.155463,0.163015,159.194,163.015,INT 2-8-8-4,5,95.0082,1.3427
81,0.155272,0.162815,158.999,162.815,INT 2-8-8-2,5,94.8012,1.3885
81,0.078597,0.082415,80.483,82.415,INT 2-8-4-8,5,95.0518,1.3701
81,0.078216,0.082015,80.093,82.015,INT 2-8-4-4,5,95.0358,1.3474
81,0.078025,0.081815,79.897,81.815,INT 2-8-4-2,5,94.8804,1.3637
81,0.039973,0.041915,40.933,41.915,INT 2-8-2-8,5,95.1496,1.1739
81,0.039592,0.041515,40.542,41.515,INT 2-8-2-4,5,95.1214,1.2238
81,0.039401,0.041315,40.347,41.315,INT 2-8-2-2,5,94.9912,1.303
81,0.155702,0.163265,159.438,163.265,INT 2-4-8-8,5,94.8776,1.6102
81,0.15532,0.162865,159.048,162.865,INT 2-4-8-4,5,94.8868,1.6821
81,0.155129,0.162665,158.853,162.665,INT 2-4-8-2,5,94.8584,1.5889
81,0.078454,0.082265,80.337,82.265,INT 2-4-4-8,5,94.9388,1.6488
81,0.078073,0.081865,79.946,81.865,INT 2-4-4-4,5,94.9316,1.6294
81,0.077882,0.081665,79.751,81.665,INT 2-4-4-2,5,94.7448,1.5589
81,0.03983,0.041765,40.786,41.765,INT 2-4-2-8,5,94.847,1.5331
81,0.039449,0.041365,40.396,41.365,INT 2-4-2-4,5,94.851,1.5518
81,0.039258,0.041165,40.2,41.165,INT 2-4-2-2,5,94.6754,1.6772
81,0.15563,0.16319,159.365,163.19,INT 2-2-8-8,5,93.927,1.9549
81,0.155249,0.16279,158.975,162.79,INT 2-2-8-4,5,93.8894,1.5979
81,0.155058,0.16259,158.779,162.59,INT 2-2-8-2,5,93.6254,1.9086
81,0.078382,0.08219,80.264,82.19,INT 2-2-4-8,5,93.8298,1.6978
81,0.078001,0.08179,79.873,81.79,INT 2-2-4-4,5,94.0442,1.6424
81,0.07781,0.08159,79.678,81.59,INT 2-2-4-2,5,93.565,1.9627
81,0.039759,0.04169,40.713,41.69,INT 2-2-2-8,5,93.6416,1.524
81,0.039377,0.04129,40.322,41.29,INT 2-2-2-4,5,93.7764,1.8143
81,0.039186,0.04109,40.127,41.09,INT 2-2-2-2,5,93.7156,1.4963
71,0.136814,0.14346,140.098,143.46,INT 8-8-8-8,5,98.6424,0.5317
71,0.136433,0.14306,139.707,143.06,INT 8-8-8-4,5,98.6542,0.4828
71,0.136242,0.14286,139.512,142.86,INT 8-8-8-2,5,98.6228,0.473
71,0.069103,0.07246,70.762,72.46,INT 8-8-4-8,5,98.6884,0.5095
71,0.068722,0.07206,70.371,72.06,INT 8-8-4-4,5,98.6528,0.4835
71,0.068531,0.07186,70.176,71.86,INT 8-8-4-2,5,98.6316,0.4823
71,0.035248,0.03696,36.094,36.96,INT 8-8-2-8,5,98.695,0.4953
71,0.034866,0.03656,35.703,36.56,INT 8-8-2-4,5,98.6514,0.483
71,0.034676,0.03636,35.508,36.36,INT 8-8-2-2,5,98.659,0.4802
71,0.136671,0.14331,139.951,143.31,INT 8-4-8-8,5,98.4884,0.6061
71,0.13629,0.14291,139.561,142.91,INT 8-4-8-4,5,98.6252,0.5126
71,0.136099,0.14271,139.365,142.71,INT 8-4-8-2,5,98.4672,0.5334
71,0.06896,0.07231,70.615,72.31,INT 8-4-4-8,5,98.5158,0.585
71,0.068579,0.07191,70.225,71.91,INT 8-4-4-4,5,98.4842,0.5882
71,0.068388,0.07171,70.029,71.71,INT 8-4-4-2,5,98.48,0.543
71,0.035105,0.03681,35.947,36.81,INT 8-4-2-8,5,98.5638,0.4949
71,0.034723,0.03641,35.557,36.41,INT 8-4-2-4,5,98.4268,0.5665
71,0.034533,0.03621,35.361,36.21,INT 8-4-2-2,5,98.6036,0.5091
71,0.1366,0.143235,139.878,143.235,INT 8-2-8-8,5,98.3048,0.4331
71,0.136218,0.142835,139.487,142.835,INT 8-2-8-4,5,98.2918,0.4273
71,0.136027,0.142635,139.292,142.635,INT 8-2-8-2,5,98.1884,0.3842
71,0.068889,0.072235,70.542,72.235,INT 8-2-4-8,5,98.3472,0.4304
71,0.068507,0.071835,70.151,71.835,INT 8-2-4-4,5,98.2618,0.5028
71,0.068316,0.071635,69.956,71.635,INT 8-2-4-2,5,98.267,0.374
71,0.035033,0.036735,35.874,36.735,INT 8-2-2-8,5,98.2228,0.4287
71,0.034652,0.036335,35.483,36.335,INT 8-2-2-4,5,98.2108,0.4374
71,0.034461,0.036135,35.288,36.135,INT 8-2-2-2,5,98.1284,0.4386
71,0.136786,0.14343,140.068,143.43,INT 4-8-8-8,5,98.047,0.558
71,0.136404,0.14303,139.678,143.03,INT 4-8-8-4,5,98.0242,0.5333
71,0.136213,0.14283,139.482,142.83,INT 4-8-8-2,5,98.0212,0.5686
71,0.069075,0.07243,70.732,72.43,INT 4-8-4-8,5,98.0434,0.5551
71,0.068693,0.07203,70.342,72.03,INT 4-8-4-4,5,98.0594,0.5764
71,0.068502,0.07183,70.146,71.83,INT 4-8-4-2,5,97.9992,0.5743
71,0.035219,0.03693,36.064,36.93,INT 4-8-2-8,5,98.0794,0.582
71,0.034838,0.03653,35.674,36.53,INT 4-8-2-4,5,98.0842,0.5722
71,0.034647,0.03633,35.479,36.33,INT 4-8-2-2,5,98.0608,0.5821
71,0.136642,0.14328,139.922,143.28,INT 4-4-8-8,5,97.961,0.53
71,0.136261,0.14288,139.531,142.88,INT 4-4-8-4,5,98.018,0.5988
71,0.13607,0.14268,139.336,142.68,INT 4-4-8-2,5,98.0164,0.6177
71,0.068932,0.07228,70.586,72.28,INT 4-4-4-8,5,98.011,0.5784
71,0.06855,0.07188,70.195,71.88,INT 4-4-4-4,5,98.0036,0.5704
71,0.068359,0.07168,70,71.68,INT 4-4-4-2,5,97.9356,0.5453
71,0.035076,0.03678,35.918,36.78,INT 4-4-2-8,5,98.0266,0.6065
71,0.034695,0.03638,35.527,36.38,INT 4-4-2-4,5,98.0404,0.613
71,0.034504,0.03618,35.332,36.18,INT 4-4-2-2,5,97.9908,0.5732
71,0.136571,0.143205,139.849,143.205,INT 4-2-8-8,5,97.4728,0.9237
71,0.136189,0.142805,139.458,142.805,INT 4-2-8-4,5,97.5384,0.7987
71,0.135999,0.142605,139.263,142.605,INT 4-2-8-2,5,97.6036,0.7369
71,0.06886,0.072205,70.513,72.205,INT 4-2-4-8,5,97.603,0.8024
71,0.068479,0.071805,70.122,71.805,INT 4-2-4-4,5,97.5496,0.8027
71,0.068288,0.071605,69.927,71.605,INT 4-2-4-2,5,97.5876,0.7837
71,0.035005,0.036705,35.845,36.705,INT 4-2-2-8,5,97.492,0.6005
71,0.034623,0.036305,35.454,36.305,INT 4-2-2-4,5,97.3178,0.7301
71,0.034432,0.036105,35.259,36.105,INT 4-2-2-2,5,97.572,0.7533
71,0.136771,0.143415,140.054,143.415,INT 2-8-8-8,5,94.2696,2.1777
71,0.13639,0.143015,139.663,143.015,INT 2-8-8-4,5,94.2362,2.1647
71,0.136199,0.142815,139.468,142.815,INT 2-8-8-2,5,94.1698,2.5787
71,0.06906,0.072415,70.718,72.415,INT 2-8-4-8,5,94.289,2.1265
71,0.068679,0.072015,70.327,72.015,INT 2-8-4-4,5,94.4178,2.2324
71,0.068488,0.071815,70.132,71.815,INT 2-8-4-2,5,93.9768,2.4957
71,0.035205,0.036915,36.05,36.915,INT 2-8-2-8,5,94.3748,2.19
71,0.034823,0.036515,35.659,36.515,INT 2-8-2-4,5,94.3806,2.027
71,0.034633,0.036315,35.464,36.315,INT 2-8-2-2,5,93.83,2.4705
71,0.136628,0.143265,139.907,143.265,INT 2-4-8-8,5,94.3742,2.1427
71,0.136247,0.142865,139.517,142.865,INT 2-4-8-4,5,94.3578,2.1968
71,0.136056,0.142665,139.321,142.665,INT 2-4-8-2,5,94.2726,2.5825
71,0.068917,0.072265,70.571,72.265,INT 2-4-4-8,5,94.2812,2.3832
71,0.068536,0.071865,70.181,71.865,INT 2-4-4-4,5,94.5306,2.22
71,0.068345,0.071665,69.985,71.665,INT 2-4-4-2,5,94.256,2.6099
71,0.035062,0.036765,35.903,36.765,INT 2-4-2-8,5,94.2694,2.1476
71,0.03468,0.036365,35.513,36.365,INT 2-4-2-4,5,94.1542,2.1643
71,0.03449,0.036165,35.317,36.165,INT 2-4-2-2,5,94.2872,2.5979
71,0.136557,0.14319,139.834,143.19,INT 2-2-8-8,5,92.8444,2.253
71,0.136175,0.14279,139.443,142.79,INT 2-2-8-4,5,93.3648,2.3198
71,0.135984,0.14259,139.248,142.59,INT 2-2-8-2,5,92.856,2.7872
71,0.068846,0.07219,70.498,72.19,INT 2-2-4-8,5,93.0958,2.3172
71,0.068464,0.07179,70.107,71.79,INT 2-2-4-4,5,93.4284,1.961
71,0.068274,0.07159,69.912,71.59,INT 2-2-4-2,5,92.8088,2.5995
71,0.03499,0.03669,35.83,36.69,INT 2-2-2-8,5,93.5248,2.4431
71,0.034609,0.03629,35.439,36.29,INT 2-2-2-4,5,93.4744,2.3772
71,0.034418,0.03609,35.244,36.09,INT 2-2-2-2,5,92.8464,2.7176
61,0.117741,0.12346,120.566,123.46,INT 8-8-8-8,5,98.1678,0.6019
61,0.117359,0.12306,120.176,123.06,INT 8-8-8-4,5,98.1432,0.6285
61,0.117168,0.12286,119.98,122.86,INT 8-8-8-2,5,98.14,0.5964
61,0.059566,0.06246,60.996,62.46,INT 8-8-4-8,5,98.166,0.6095
61,0.059185,0.06206,60.605,62.06,INT 8-8-4-4,5,98.1504,0.6082
61,0.058994,0.06186,60.41,61.86,INT 8-8-4-2,5,98.1336,0.6631
61,0.030479,0.03196,31.211,31.96,INT 8-8-2-8,5,98.1972,0.6159
61,0.030098,0.03156,30.82,31.56,INT 8-8-2-4,5,98.1998,0.6479
61,0.029907,0.03136,30.625,31.36,INT 8-8-2-2,5,98.1632,0.7388
61,0.117598,0.12331,120.42,123.31,INT 8-4-8-8,5,98.0934,0.5671
61,0.117216,0.12291,120.029,122.91,INT 8-4-8-4,5,98.074,0.5866
61,0.117025,0.12271,119.834,122.71,INT 8-4-8-2,5,98.0896,0.5752
61,0.059423,0.06231,60.85,62.31,INT 8-4-4-8,5,98.0942,0.565
61,0.059042,0.06191,60.459,61.91,INT 8-4-4-4,5,97.9596,0.6556
61,0.058851,0.06171,60.264,61.71,INT 8-4-4-2,5,98.1044,0.5529
61,0.030336,0.03181,31.064,31.81,INT 8-4-2-8,5,98.117,0.6112
61,0.029955,0.03141,30.674,31.41,INT 8-4-2-4,5,98.0876,0.6821
61,0.029764,0.03121,30.479,31.21,INT 8-4-2-2,5,98.138,0.6081
61,0.117526,0.123235,120.347,123.235,INT 8-2-8-8,5,98.1138,0.2678
61,0.117145,0.122835,119.956,122.835,INT 8-2-8-4,5,98.0808,0.1889
61,0.116954,0.122635,119.761,122.635,INT 8-2-8-2,5,98.0982,0.309
61,0.059352,0.062235,60.776,62.235,INT 8-2-4-8,5,98.0344,0.3572
61,0.05897,0.061835,60.386,61.835,INT 8-2-4-4,5,98.0568,0.2091
61,0.05878,0.061635,60.19,61.635,INT 8-2-4-2,5,97.9864,0.318
61,0.030265,0.031735,30.991,31.735,INT 8-2-2-8,5,98.0562,0.2853
61,0.029883,0.031335,30.601,31.335,INT 8-2-2-4,5,98.0266,0.3479
61,0.029693,0.031135,30.405,31.135,INT 8-2-2-2,5,98.0556,0.3098
61,0.117712,0.12343,120.537,123.43,INT 4-8-8-8,5,97.9198,0.5022
61,0.117331,0.12303,120.146,123.03,INT 4-8-8-4,5,97.896,0.5241
61,0.11714,0.12283,119.951,122.83,INT 4-8-8-2,5,97.8938,0.5424
61,0.059538,0.06243,60.967,62.43,INT 4-8-4-8,5,97.9228,0.5022
61,0.059156,0.06203,60.576,62.03,INT 4-8-4-4,5,98.0164,0.5767
61,0.058966,0.06183,60.381,61.83,INT 4-8-4-2,5,97.9132,0.5341
61,0.030451,0.03193,31.182,31.93,INT 4-8-2-8,5,97.9696,0.5456
61,0.030069,0.03153,30.791,31.53,INT 4-8-2-4,5,97.9748,0.528
61,0.029879,0.03133,30.596,31.33,INT 4-8-2-2,5,97.9926,0.5348
61,0.117569,0.12328,120.391,123.28,INT 4-4-8-8,5,97.8322,0.5269
61,0.117188,0.12288,120,122.88,INT 4-4-8-4,5,97.756,0.5748
61,0.116997,0.12268,119.805,122.68,INT 4-4-8-2,5,97.7784,0.5913
61,0.059395,0.06228,60.82,62.28,INT 4-4-4-8,5,97.7778,0.5458
61,0.059013,0.06188,60.43,61.88,INT 4-4-4-4,5,97.7406,0.6023
61,0.058823,0.06168,60.234,61.68,INT 4-4-4-2,5,97.7826,0.5937
61,0.030308,0.03178,31.035,31.78,INT 4-4-2-8,5,97.773,0.6894
61,0.029926,0.03138,30.645,31.38,INT 4-4-2-4,5,97.8566,0.5957
61,0.029736,0.03118,30.449,31.18,INT 4-4-2-2,5,97.7792,0.6017
61,0.117497,0.123205,120.317,123.205,INT 4-2-8-8,5,97.6082,0.6856
61,0.117116,0.122805,119.927,122.805,INT 4-2-8-4,5,97.5086,0.6135
61,0.116925,0.122605,119.731,122.605,INT 4-2-8-2,5,97.2462,0.6765
61,0.059323,0.062205,60.747,62.205,INT 4-2-4-8,5,97.7582,0.7597
61,0.058942,0.061805,60.356,61.805,INT 4-2-4-4,5,97.7066,0.7244
61,0.058751,0.061605,60.161,61.605,INT 4-2-4-2,5,97.3344,0.7633
61,0.030236,0.031705,30.962,31.705,INT 4-2-2-8,5,97.3942,0.7153
61,0.029855,0.031305,30.571,31.305,INT 4-2-2-4,5,97.5228,0.727
61,0.029664,0.031105,30.376,31.105,INT 4-2-2-2,5,97.6618,0.669
61,0.117698,0.123415,120.522,123.415,INT 2-8-8-8,5,93.804,2.0526
61,0.117316,0.123015,120.132,123.015,INT 2-8-8-4,5,93.326,2.8823
61,0.117126,0.122815,119.937,122.815,INT 2-8-8-2,5,93.7022,1.9331
61,0.059524,0.062415,60.952,62.415,INT 2-8-4-8,5,93.659,2.1757
61,0.059142,0.062015,60.562,62.015,INT 2-8-4-4,5,93.633,2.1213
61,0.058951,0.061815,60.366,61.815,INT 2-8-4-2,5,93.7526,1.9137
61,0.030437,0.031915,31.167,31.915,INT 2-8-2-8,5,94.0314,2.052
61,0.030055,0.031515,30.776,31.515,INT 2-8-2-4,5,94.3378,1.7076
61,0.029864,0.031315,30.581,31.315,INT 2-8-2-2,5,94.0046,1.5307
61,0.117555,0.123265,120.376,123.265,INT 2-4-8-8,5,93.6524,2.0945
61,0.117173,0.122865,119.985,122.865,INT 2-4-8-4,5,93.683,1.9971
61,0.116982,0.122665,119.79,122.665,INT 2-4-8-2,5,93.0696,3.0553
61,0.059381,0.062265,60.806,62.265,INT 2-4-4-8,5,93.6702,2.0817
61,0.058999,0.061865,60.415,61.865,INT 2-4-4-4,5,93.6646,2.0043
61,0.058808,0.061665,60.22,61.665,INT 2-4-4-2,5,93.617,1.9578
61,0.030293,0.031765,31.021,31.765,INT 2-4-2-8,5,94.0318,1.7192
61,0.029912,0.031365,30.63,31.365,INT 2-4-2-4,5,94.0672,1.6836
61,0.029721,0.031165,30.435,31.165,INT 2-4-2-2,5,93.866,1.6343
61,0.117483,0.12319,120.303,123.19,INT 2-2-8-8,5,94.472,1.9822
61,0.117102,0.12279,119.912,122.79,INT 2-2-8-4,5,94.352,2.2569
61,0.116911,0.12259,119.717,122.59,INT 2-2-8-2,5,94.023,2.0799
61,0.059309,0.06219,60.732,62.19,INT 2-2-4-8,5,94.2924,1.902
61,0.058928,0.06179,60.342,61.79,INT 2-2-4-4,5,94.441,2.1708
61,0.058737,0.06159,60.146,61.59,INT 2-2-4-2,5,93.9682,2.1354
61,0.030222,0.03169,30.947,31.69,INT 2-2-2-8,5,94.3098,1.8471
61,0.02984,0.03129,30.557,31.29,INT 2-2-2-4,5,94.6122,1.8956
61,0.02965,0.03109,30.361,31.09,INT 2-2-2-2,5,93.8212,2.0774
51,0.098667,0.10346,101.035,103.46,INT 8-8-8-8,5,98.1044,0.4577
51,0.098286,0.10306,100.645,103.06,INT 8-8-8-4,5,98.0842,0.4072
51,0.098095,0.10286,100.449,102.86,INT 8-8-8-2,5,98.0748,0.385
51,0.05003,0.05246,51.23,52.46,INT 8-8-4-8,5,98.0798,0.3856
51,0.049648,0.05206,50.84,52.06,INT 8-8-4-4,5,98.0852,0.3814
51,0.049458,0.05186,50.645,51.86,INT 8-8-4-2,5,98.0766,0.3617
51,0.025711,0.02696,26.328,26.96,INT 8-8-2-8,5,98.1824,0.3646
51,0.02533,0.02656,25.938,26.56,INT 8-8-2-4,5,98.196,0.367
51,0.025139,0.02636,25.742,26.36,INT 8-8-2-2,5,98.1152,0.316
51,0.098524,0.10331,100.889,103.31,INT 8-4-8-8,5,98.0522,0.4647
51,0.098143,0.10291,100.498,102.91,INT 8-4-8-4,5,97.998,0.4802
51,0.097952,0.10271,100.303,102.71,INT 8-4-8-2,5,97.9568,0.4533
51,0.049887,0.05231,51.084,52.31,INT 8-4-4-8,5,98.0416,0.4495
51,0.049505,0.05191,50.693,51.91,INT 8-4-4-4,5,97.9906,0.4692
51,0.049314,0.05171,50.498,51.71,INT 8-4-4-2,5,97.9276,0.4194
51,0.025568,0.02681,26.182,26.81,INT 8-4-2-8,5,98.1318,0.4471
51,0.025187,0.02641,25.791,26.41,INT 8-4-2-4,5,98.1102,0.4188
51,0.024996,0.02621,25.596,26.21,INT 8-4-2-2,5,97.9054,0.3681
51,0.098453,0.103235,100.815,103.235,INT 8-2-8-8,5,97.5572,0.4773
51,0.098071,0.102835,100.425,102.835,INT 8-2-8-4,5,97.471,0.5538
51,0.09788,0.102635,100.229,102.635,INT 8-2-8-2,5,97.4304,0.5262
51,0.049815,0.052235,51.011,52.235,INT 8-2-4-8,5,97.5084,0.5576
51,0.049434,0.051835,50.62,51.835,INT 8-2-4-4,5,97.5208,0.5372
51,0.049243,0.051635,50.425,51.635,INT 8-2-4-2,5,97.4904,0.441
51,0.025496,0.026735,26.108,26.735,INT 8-2-2-8,5,97.5336,0.4587
51,0.025115,0.026335,25.718,26.335,INT 8-2-2-4,5,97.5422,0.4879
51,0.024924,0.026135,25.522,26.135,INT 8-2-2-2,5,97.485,0.3796
51,0.098639,0.10343,101.006,103.43,INT 4-8-8-8,5,97.5576,0.3337
51,0.098257,0.10303,100.615,103.03,INT 4-8-8-4,5,97.4498,0.3479
51,0.098066,0.10283,100.42,102.83,INT 4-8-8-2,5,97.5146,0.2735
51,0.050001,0.05243,51.201,52.43,INT 4-8-4-8,5,97.423,0.4404
51,0.04962,0.05203,50.811,52.03,INT 4-8-4-4,5,97.5576,0.3297
51,0.049429,0.05183,50.615,51.83,INT 4-8-4-2,5,97.541,0.2443
51,0.025682,0.02693,26.299,26.93,INT 4-8-2-8,5,97.6238,0.3275
51,0.025301,0.02653,25.908,26.53,INT 4-8-2-4,5,97.6574,0.247
51,0.02511,0.02633,25.713,26.33,INT 4-8-2-2,5,97.555,0.3123
51,0.098495,0.10328,100.859,103.28,INT 4-4-8-8,5,97.5906,0.3536
51,0.098114,0.10288,100.469,102.88,INT 4-4-8-4,5,97.5524,0.3969
51,0.097923,0.10268,100.273,102.68,INT 4-4-8-2,5,97.5784,0.392
51,0.049858,0.05228,51.055,52.28,INT 4-4-4-8,5,97.5516,0.4133
51,0.049477,0.05188,50.664,51.88,INT 4-4-4-4,5,97.5802,0.3524
51,0.049286,0.05168,50.469,51.68,INT 4-4-4-2,5,97.4988,0.4996
51,0.025539,0.02678,26.152,26.78,INT 4-4-2-8,5,97.578,0.4374
51,0.025158,0.02638,25.762,26.38,INT 4-4-2-4,5,97.6136,0.4602
51,0.024967,0.02618,25.566,26.18,INT 4-4-2-2,5,97.5682,0.466
51,0.098424,0.103205,100.786,103.205,INT 4-2-8-8,5,97.0618,0.721
51,0.098042,0.102805,100.396,102.805,INT 4-2-8-4,5,97.055,0.6849
51,0.097852,0.102605,100.2,102.605,INT 4-2-8-2,5,96.846,0.5617
51,0.049787,0.052205,50.981,52.205,INT 4-2-4-8,5,97.1292,0.6225
51,0.049405,0.051805,50.591,51.805,INT 4-2-4-4,5,97.1202,0.6239
51,0.049214,0.051605,50.396,51.605,INT 4-2-4-2,5,96.9596,0.5928
51,0.025468,0.026705,26.079,26.705,INT 4-2-2-8,5,97.2396,0.525
51,0.025086,0.026305,25.688,26.305,INT 4-2-2-4,5,97.2436,0.5138
51,0.024896,0.026105,25.493,26.105,INT 4-2-2-2,5,97.2024,0.4637
51,0.098624,0.103415,100.991,103.415,INT 2-8-8-8,5,94.4868,1.9012
51,0.098243,0.103015,100.601,103.015,INT 2-8-8-4,5,94.089,2.2611
51,0.098052,0.102815,100.405,102.815,INT 2-8-8-2,5,94.5258,1.8439
51,0.049987,0.052415,51.187,52.415,INT 2-8-4-8,5,94.2996,2.2045
51,0.049605,0.052015,50.796,52.015,INT 2-8-4-4,5,94.5336,1.8572
51,0.049415,0.051815,50.601,51.815,INT 2-8-4-2,5,94.5582,1.7826
51,0.025668,0.026915,26.284,26.915,INT 2-8-2-8,5,95.1668,1.2879
51,0.025287,0.026515,25.894,26.515,INT 2-8-2-4,5,94.9142,1.7473
51,0.025096,0.026315,25.698,26.315,INT 2-8-2-2,5,95.0676,1.4578
51,0.098481,0.103265,100.845,103.265,INT 2-4-8-8,5,94.6534,1.6139
51,0.0981,0.102865,100.454,102.865,INT 2-4-8-4,5,94.5526,1.7476
51,0.097909,0.102665,100.259,102.665,INT 2-4-8-2,5,94.5416,1.8209
51,0.049844,0.052265,51.04,52.265,INT 2-4-4-8,5,94.439,1.2589
51,0.049462,0.051865,50.649,51.865,INT 2-4-4-4,5,94.6272,1.6262
51,0.049272,0.051665,50.454,51.665,INT 2-4-4-2,5,94.5724,1.742
51,0.025525,0.026765,26.138,26.765,INT 2-4-2-8,5,94.7836,1.1407
51,0.025144,0.026365,25.747,26.365,INT 2-4-2-4,5,94.9652,1.5222
51,0.024953,0.026165,25.552,26.165,INT 2-4-2-2,5,94.87,1.6581
51,0.09841,0.10319,100.771,103.19,INT 2-2-8-8,5,94.652,0.9237
51,0.098028,0.10279,100.381,102.79,INT 2-2-8-4,5,93.909,1.4392
51,0.097837,0.10259,100.186,102.59,INT 2-2-8-2,5,94.4614,1.1022
51,0.049772,0.05219,50.967,52.19,INT 2-2-4-8,5,94.6214,0.9262
51,0.049391,0.05179,50.576,51.79,INT 2-2-4-4,5,94.6276,0.8521
51,0.0492,0.05159,50.381,51.59,INT 2-2-4-2,5,94.2942,1.5914
51,0.025454,0.02669,26.064,26.69,INT 2-2-2-8,5,94.6928,1.3104
51,0.025072,0.02629,25.674,26.29,INT 2-2-2-4,5,94.561,1.3239
51,0.024881,0.02609,25.479,26.09,INT 2-2-2-2,5,94.2132,1.6065
41,0.079594,0.08346,81.504,83.46,INT 8-8-8-8,5,97.2554,1.1357
41,0.079212,0.08306,81.113,83.06,INT 8-8-8-4,5,97.2422,1.1195
41,0.079021,0.08286,80.918,82.86,INT 8-8-8-2,5,97.2662,1.0659
41,0.040493,0.04246,41.465,42.46,INT 8-8-4-8,5,97.275,1.0972
41,0.040112,0.04206,41.074,42.06,INT 8-8-4-4,5,97.3076,1.0281
41,0.039921,0.04186,40.879,41.86,INT 8-8-4-2,5,97.272,1.0621
41,0.020943,0.02196,21.445,21.96,INT 8-8-2-8,5,97.3058,1.1196
41,0.020561,0.02156,21.055,21.56,INT 8-8-2-4,5,97.2878,1.1345
41,0.02037,0.02136,20.859,21.36,INT 8-8-2-2,5,97.2146,1.2319
41,0.079451,0.08331,81.357,83.31,INT 8-4-8-8,5,97.1346,1.2262
41,0.079069,0.08291,80.967,82.91,INT 8-4-8-4,5,97.0866,1.1843
41,0.078878,0.08271,80.771,82.71,INT 8-4-8-2,5,97.1102,1.171
41,0.04035,0.04231,41.318,42.31,INT 8-4-4-8,5,97.075,1.1455
41,0.039968,0.04191,40.928,41.91,INT 8-4-4-4,5,97.0272,1.1233
41,0.039778,0.04171,40.732,41.71,INT 8-4-4-2,5,97.1208,1.2469
41,0.0208,0.02181,21.299,21.81,INT 8-4-2-8,5,97.2142,1.2549
41,0.020418,0.02141,20.908,21.41,INT 8-4-2-4,5,97.1024,1.151
41,0.020227,0.02121,20.713,21.21,INT 8-4-2-2,5,97.209,1.1585
41,0.079379,0.083235,81.284,83.235,INT 8-2-8-8,5,96.9908,1.3651
41,0.078998,0.082835,80.894,82.835,INT 8-2-8-4,5,97.0504,1.2997
41,0.078807,0.082635,80.698,82.635,INT 8-2-8-2,5,97.028,1.2454
41,0.040278,0.042235,41.245,42.235,INT 8-2-4-8,5,97.0218,1.215
41,0.039897,0.041835,40.854,41.835,INT 8-2-4-4,5,96.9004,1.3188
41,0.039706,0.041635,40.659,41.635,INT 8-2-4-2,5,97.0024,1.2535
41,0.020728,0.021735,21.226,21.735,INT 8-2-2-8,5,97.0002,1.2185
41,0.020347,0.021335,20.835,21.335,INT 8-2-2-4,5,96.8306,1.1449
41,0.020156,0.021135,20.64,21.135,INT 8-2-2-2,5,96.8438,1.2919
41,0.079565,0.08343,81.475,83.43,INT 4-8-8-8,5,97.2278,0.8723
41,0.079184,0.08303,81.084,83.03,INT 4-8-8-4,5,97.1334,0.9305
41,0.078993,0.08283,80.889,82.83,INT 4-8-8-2,5,97.1964,0.9159
41,0.040464,0.04243,41.436,42.43,INT 4-8-4-8,5,97.1778,0.9044
41,0.040083,0.04203,41.045,42.03,INT 4-8-4-4,5,97.1898,0.898
41,0.039892,0.04183,40.85,41.83,INT 4-8-4-2,5,97.185,0.9546
41,0.020914,0.02193,21.416,21.93,INT 4-8-2-8,5,97.2942,0.8049
41,0.020533,0.02153,21.025,21.53,INT 4-8-2-4,5,97.2678,0.8096
41,0.020342,0.02133,20.83,21.33,INT 4-8-2-2,5,97.37,0.7987
41,0.079422,0.08328,81.328,83.28,INT 4-4-8-8,5,97.1558,1.0258
41,0.079041,0.08288,80.938,82.88,INT 4-4-8-4,5,97.1434,1.0123
41,0.07885,0.08268,80.742,82.68,INT 4-4-8-2,5,97.109,0.9474
41,0.040321,0.04228,41.289,42.28,INT 4-4-4-8,5,97.1758,0.9429
41,0.03994,0.04188,40.898,41.88,INT 4-4-4-4,5,97.1238,1.0033
41,0.039749,0.04168,40.703,41.68,INT 4-4-4-2,5,97.085,0.9832
41,0.020771,0.02178,21.27,21.78,INT 4-4-2-8,5,97.1642,1.043
41,0.02039,0.02138,20.879,21.38,INT 4-4-2-4,5,97.1588,1.0755
41,0.020199,0.02118,20.684,21.18,INT 4-4-2-2,5,97.3398,0.8145
41,0.07935,0.083205,81.255,83.205,INT 4-2-8-8,5,96.4042,1.2806
41,0.078969,0.082805,80.864,82.805,INT 4-2-8-4,5,96.623,1.1004
41,0.078778,0.082605,80.669,82.605,INT 4-2-8-2,5,96.744,1.2775
41,0.04025,0.042205,41.216,42.205,INT 4-2-4-8,5,96.6932,1.2465
41,0.039868,0.041805,40.825,41.805,INT 4-2-4-4,5,96.6758,1.0532
41,0.039678,0.041605,40.63,41.605,INT 4-2-4-2,5,96.8116,1.1478
41,0.0207,0.021705,21.196,21.705,INT 4-2-2-8,5,96.648,1.1201
41,0.020318,0.021305,20.806,21.305,INT 4-2-2-4,5,96.489,1.1385
41,0.020127,0.021105,20.61,21.105,INT 4-2-2-2,5,96.6264,1.0287
41,0.079551,0.083415,81.46,83.415,INT 2-8-8-8,5,92.7924,3.147
41,0.079169,0.083015,81.069,83.015,INT 2-8-8-4,5,92.7698,3.115
41,0.078979,0.082815,80.874,82.815,INT 2-8-8-2,5,92.7714,3.0892
41,0.04045,0.042415,41.421,42.415,INT 2-8-4-8,5,92.7298,3.1983
41,0.040069,0.042015,41.03,42.015,INT 2-8-4-4,5,92.7418,3.153
41,0.039878,0.041815,40.835,41.815,INT 2-8-4-2,5,92.764,3.0939
41,0.0209,0.021915,21.401,21.915,INT 2-8-2-8,5,92.86,2.9054
41,0.020518,0.021515,21.011,21.515,INT 2-8-2-4,5,92.767,2.9549
41,0.020328,0.021315,20.815,21.315,INT 2-8-2-2,5,92.7176,2.823
41,0.079408,0.083265,81.313,83.265,INT 2-4-8-8,5,92.6954,3.0808
41,0.079026,0.082865,80.923,82.865,INT 2-4-8-4,5,92.6952,3.0469
41,0.078835,0.082665,80.728,82.665,INT 2-4-8-2,5,92.6562,3.0022
41,0.040307,0.042265,41.274,42.265,INT 2-4-4-8,5,92.5186,2.9605
41,0.039926,0.041865,40.884,41.865,INT 2-4-4-4,5,92.663,3.0192
41,0.039735,0.041665,40.688,41.665,INT 2-4-4-2,5,92.7048,2.9164
41,0.020757,0.021765,21.255,21.765,INT 2-4-2-8,5,92.834,2.5709
41,0.020375,0.021365,20.864,21.365,INT 2-4-2-4,5,92.7816,2.5944
41,0.020185,0.021165,20.669,21.165,INT 2-4-2-2,5,92.8578,2.5201
41,0.079336,0.08319,81.24,83.19,INT 2-2-8-8,5,92.0984,3.6822
41,0.078955,0.08279,80.85,82.79,INT 2-2-8-4,5,92.0386,3.5878
41,0.078764,0.08259,80.654,82.59,INT 2-2-8-2,5,91.5808,4.6135
41,0.040236,0.04219,41.201,42.19,INT 2-2-4-8,5,91.9532,3.578
41,0.039854,0.04179,40.811,41.79,INT 2-2-4-4,5,92.1324,3.6104
41,0.039663,0.04159,40.615,41.59,INT 2-2-4-2,5,92.0708,3.3778
41,0.020685,0.02169,21.182,21.69,INT 2-2-2-8,5,91.7238,3.7475
41,0.020304,0.02129,20.791,21.29,INT 2-2-2-4,5,91.2676,3.6977
41,0.020113,0.02109,20.596,21.09,INT 2-2-2-2,5,91.7794,3.2124
31,0.06052,0.06346,61.973,63.46,INT 8-8-8-8,5,96.3372,1.6564
31,0.060139,0.06306,61.582,63.06,INT 8-8-8-4,5,96.395,1.6802
31,0.059948,0.06286,61.387,62.86,INT 8-8-8-2,5,96.277,1.7856
31,0.030956,0.03246,31.699,32.46,INT 8-8-4-8,5,96.3198,1.6671
31,0.030575,0.03206,31.309,32.06,INT 8-8-4-4,5,96.35,1.6328
31,0.030384,0.03186,31.113,31.86,INT 8-8-4-2,5,96.3696,1.6642
31,0.016174,0.01696,16.562,16.96,INT 8-8-2-8,5,96.346,1.665
31,0.015793,0.01656,16.172,16.56,INT 8-8-2-4,5,96.328,1.6335
31,0.015602,0.01636,15.977,16.36,INT 8-8-2-2,5,96.2784,1.5657
31,0.060377,0.06331,61.826,63.31,INT 8-4-8-8,5,96.3216,1.9557
31,0.059996,0.06291,61.436,62.91,INT 8-4-8-4,5,96.3444,1.9266
31,0.059805,0.06271,61.24,62.71,INT 8-4-8-2,5,96.2936,1.7972
31,0.030813,0.03231,31.553,32.31,INT 8-4-4-8,5,96.3348,1.8708
31,0.030432,0.03191,31.162,31.91,INT 8-4-4-4,5,96.2664,1.8524
31,0.030241,0.03171,30.967,31.71,INT 8-4-4-2,5,96.3448,1.887
31,0.016031,0.01681,16.416,16.81,INT 8-4-2-8,5,96.2984,1.7796
31,0.01565,0.01641,16.025,16.41,INT 8-4-2-4,5,96.2776,1.929
31,0.015459,0.01621,15.83,16.21,INT 8-4-2-2,5,96.3578,1.7822
31,0.060306,0.063235,61.753,63.235,INT 8-2-8-8,5,95.1854,3.4492
31,0.059924,0.062835,61.362,62.835,INT 8-2-8-4,5,94.6042,4.394
31,0.059733,0.062635,61.167,62.635,INT 8-2-8-2,5,95.2128,3.284
31,0.030742,0.032235,31.479,32.235,INT 8-2-4-8,5,94.7788,3.834
31,0.03036,0.031835,31.089,31.835,INT 8-2-4-4,5,95.3968,3.2466
31,0.030169,0.031635,30.894,31.635,INT 8-2-4-2,5,95.2586,3.1039
31,0.01596,0.016735,16.343,16.735,INT 8-2-2-8,5,95.1886,3.1152
31,0.015578,0.016335,15.952,16.335,INT 8-2-2-4,5,94.957,3.3433
31,0.015388,0.016135,15.757,16.135,INT 8-2-2-2,5,95.0158,3.4869
31,0.060492,0.06343,61.943,63.43,INT 4-8-8-8,5,95.6662,1.7184
31,0.06011,0.06303,61.553,63.03,INT 4-8-8-4,5,95.6836,1.7312
31,0.059919,0.06283,61.357,62.83,INT 4-8-8-2,5,95.5522,1.732
31,0.030928,0.03243,31.67,32.43,INT 4-8-4-8,5,95.6728,1.7237
31,0.030546,0.03203,31.279,32.03,INT 4-8-4-4,5,95.7118,1.7204
31,0.030355,0.03183,31.084,31.83,INT 4-8-4-2,5,95.5544,1.7161
31,0.016146,0.01693,16.533,16.93,INT 4-8-2-8,5,95.7536,1.7657
31,0.015764,0.01653,16.143,16.53,INT 4-8-2-4,5,95.7512,1.7465
31,0.015574,0.01633,15.947,16.33,INT 4-8-2-2,5,95.6656,1.6526
31,0.060349,0.06328,61.797,63.28,INT 4-4-8-8,5,95.5282,1.7342
31,0.059967,0.06288,61.406,62.88,INT 4-4-8-4,5,95.5886,1.7625
31,0.059776,0.06268,61.211,62.68,INT 4-4-8-2,5,95.565,1.7486
31,0.030785,0.03228,31.523,32.28,INT 4-4-4-8,5,95.563,1.7505
31,0.030403,0.03188,31.133,31.88,INT 4-4-4-4,5,95.6066,1.7498
31,0.030212,0.03168,30.938,31.68,INT 4-4-4-2,5,95.4632,1.6951
31,0.016003,0.01678,16.387,16.78,INT 4-4-2-8,5,95.5762,1.7747
31,0.015621,0.01638,15.996,16.38,INT 4-4-2-4,5,95.6908,1.7739
31,0.01543,0.01618,15.801,16.18,INT 4-4-2-2,5,95.6786,1.8452
31,0.060277,0.063205,61.724,63.205,INT 4-2-8-8,5,94.4988,2.6031
31,0.059896,0.062805,61.333,62.805,INT 4-2-8-4,5,94.2096,3.0219
31,0.059705,0.062605,61.138,62.605,INT 4-2-8-2,5,94.5336,2.5388
31,0.030713,0.032205,31.45,32.205,INT 4-2-4-8,5,94.4944,2.5264
31,0.030332,0.031805,31.06,31.805,INT 4-2-4-4,5,94.4396,2.3864
31,0.030141,0.031605,30.864,31.605,INT 4-2-4-2,5,94.4992,2.5618
31,0.015931,0.016705,16.313,16.705,INT 4-2-2-8,5,94.315,3.1342
31,0.01555,0.016305,15.923,16.305,INT 4-2-2-4,5,94.6552,2.2137
31,0.015359,0.016105,15.728,16.105,INT 4-2-2-2,5,94.2948,2.3914
31,0.060477,0.063415,61.929,63.415,INT 2-8-8-8,5,89.3402,3.209
31,0.060096,0.063015,61.538,63.015,INT 2-8-8-4,5,89.3344,3.2233
31,0.059905,0.062815,61.343,62.815,INT 2-8-8-2,5,89.2066,3.2191
31,0.030913,0.032415,31.655,32.415,INT 2-8-4-8,5,89.367,3.2724
31,0.030532,0.032015,31.265,32.015,INT 2-8-4-4,5,89.3288,3.3192
31,0.030341,0.031815,31.069,31.815,INT 2-8-4-2,5,89.2148,3.1502
31,0.016131,0.016915,16.519,16.915,INT 2-8-2-8,5,89.3974,3.4298
31,0.01575,0.016515,16.128,16.515,INT 2-8-2-4,5,89.229,3.3242
31,0.015559,0.016315,15.933,16.315,INT 2-8-2-2,5,89.2488,3.2449
31,0.060334,0.063265,61.782,63.265,INT 2-4-8-8,5,89.1244,3.0254
31,0.059953,0.062865,61.392,62.865,INT 2-4-8-4,5,89.2784,3.1269
31,0.059762,0.062665,61.196,62.665,INT 2-4-8-2,5,88.7336,2.9615
31,0.03077,0.032265,31.509,32.265,INT 2-4-4-8,5,89.005,2.9775
31,0.030389,0.031865,31.118,31.865,INT 2-4-4-4,5,88.7806,3.1815
31,0.030198,0.031665,30.923,31.665,INT 2-4-4-2,5,89.0338,3.0785
31,0.015988,0.016765,16.372,16.765,INT 2-4-2-8,5,89.0826,3.5658
31,0.015607,0.016365,15.981,16.365,INT 2-4-2-4,5,89.1406,3.4024
31,0.015416,0.016165,15.786,16.165,INT 2-4-2-2,5,89.1658,3.1362
31,0.060263,0.06319,61.709,63.19,INT 2-2-8-8,5,89.8546,2.0886
31,0.059881,0.06279,61.318,62.79,INT 2-2-8-4,5,90.1812,1.7294
31,0.05969,0.06259,61.123,62.59,INT 2-2-8-2,5,89.2082,2.7193
31,0.030699,0.03219,31.436,32.19,INT 2-2-4-8,5,89.685,2.0183
31,0.030317,0.03179,31.045,31.79,INT 2-2-4-4,5,89.8556,1.8705
31,0.030127,0.03159,30.85,31.59,INT 2-2-4-2,5,89.8274,1.843
31,0.015917,0.01669,16.299,16.69,INT 2-2-2-8,5,89.2186,2.2167
31,0.015535,0.01629,15.908,16.29,INT 2-2-2-4,5,89.7174,1.9928
31,0.015345,0.01609,15.713,16.09,INT 2-2-2-2,5,89.8306,1.7907
21,0.041447,0.04346,42.441,43.46,INT 8-8-8-8,5,94.9944,1.7924
21,0.041065,0.04306,42.051,43.06,INT 8-8-8-4,5,94.9456,1.8122
21,0.040874,0.04286,41.855,42.86,INT 8-8-8-2,5,94.8818,1.8724
21,0.02142,0.02246,21.934,22.46,INT 8-8-4-8,5,94.801,1.9341
21,0.021038,0.02206,21.543,22.06,INT 8-8-4-4,5,94.9988,1.7931
21,0.020847,0.02186,21.348,21.86,INT 8-8-4-2,5,94.903,1.8285
21,0.011406,0.01196,11.68,11.96,INT 8-8-2-8,5,94.8226,1.7713
21,0.011024,0.01156,11.289,11.56,INT 8-8-2-4,5,94.8282,1.7049
21,0.010834,0.01136,11.094,11.36,INT 8-8-2-2,5,94.8794,1.7463
21,0.041304,0.04331,42.295,43.31,INT 8-4-8-8,5,94.9472,1.8764
21,0.040922,0.04291,41.904,42.91,INT 8-4-8-4,5,94.9438,1.8813
21,0.040731,0.04271,41.709,42.71,INT 8-4-8-2,5,94.9144,1.8772
21,0.021276,0.02231,21.787,22.31,INT 8-4-4-8,5,94.9796,1.8711
21,0.020895,0.02191,21.396,21.91,INT 8-4-4-4,5,94.9328,1.774
21,0.020704,0.02171,21.201,21.71,INT 8-4-4-2,5,94.8906,1.8729
21,0.011263,0.01181,11.533,11.81,INT 8-4-2-8,5,94.745,1.7316
21,0.010881,0.01141,11.143,11.41,INT 8-4-2-4,5,94.8222,1.707
21,0.010691,0.01121,10.947,11.21,INT 8-4-2-2,5,94.8208,1.7166
21,0.041232,0.043235,42.222,43.235,INT 8-2-8-8,5,92.8768,2.3837
21,0.040851,0.042835,41.831,42.835,INT 8-2-8-4,5,93.0584,2.3462
21,0.04066,0.042635,41.636,42.635,INT 8-2-8-2,5,93.305,2.1751
21,0.021205,0.022235,21.714,22.235,INT 8-2-4-8,5,93.017,2.3455
21,0.020823,0.021835,21.323,21.835,INT 8-2-4-4,5,92.7342,2.3217
21,0.020633,0.021635,21.128,21.635,INT 8-2-4-2,5,92.5544,2.5368
21,0.011191,0.011735,11.46,11.735,INT 8-2-2-8,5,93.0784,2.2907
21,0.01081,0.011335,11.069,11.335,INT 8-2-2-4,5,92.7032,2.3322
21,0.010619,0.011135,10.874,11.135,INT 8-2-2-2,5,93.278,2.0733
21,0.041418,0.04343,42.412,43.43,INT 4-8-8-8,5,94.5338,1.4376
21,0.041037,0.04303,42.021,43.03,INT 4-8-8-4,5,94.5496,1.4581
21,0.040846,0.04283,41.826,42.83,INT 4-8-8-2,5,94.5088,1.4539
21,0.021391,0.02243,21.904,22.43,INT 4-8-4-8,5,94.5416,1.4151
21,0.021009,0.02203,21.514,22.03,INT 4-8-4-4,5,94.527,1.4616
21,0.020819,0.02183,21.318,21.83,INT 4-8-4-2,5,94.4194,1.3762
21,0.011377,0.01193,11.65,11.93,INT 4-8-2-8,5,94.4946,1.5834
21,0.010996,0.01153,11.26,11.53,INT 4-8-2-4,5,94.5894,1.494
21,0.010805,0.01133,11.064,11.33,INT 4-8-2-2,5,94.4592,1.4259
21,0.041275,0.04328,42.266,43.28,INT 4-4-8-8,5,94.3588,1.5046
21,0.040894,0.04288,41.875,42.88,INT 4-4-8-4,5,94.3952,1.5363
21,0.040703,0.04268,41.68,42.68,INT 4-4-8-2,5,94.298,1.3754
21,0.021248,0.02228,21.758,22.28,INT 4-4-4-8,5,94.3384,1.4306
21,0.020866,0.02188,21.367,21.88,INT 4-4-4-4,5,94.3548,1.5363
21,0.020676,0.02168,21.172,21.68,INT 4-4-4-2,5,94.3414,1.3924
21,0.011234,0.01178,11.504,11.78,INT 4-4-2-8,5,94.4788,1.404
21,0.010853,0.01138,11.113,11.38,INT 4-4-2-4,5,94.3564,1.5886
21,0.010662,0.01118,10.918,11.18,INT 4-4-2-2,5,94.1502,1.5059
21,0.041203,0.043205,42.192,43.205,INT 4-2-8-8,5,92.4984,1.7294
21,0.040822,0.042805,41.802,42.805,INT 4-2-8-4,5,92.1148,1.8654
21,0.040631,0.042605,41.606,42.605,INT 4-2-8-2,5,92.2158,1.8292
21,0.021176,0.022205,21.685,22.205,INT 4-2-4-8,5,92.6892,1.7303
21,0.020795,0.021805,21.294,21.805,INT 4-2-4-4,5,92.4588,1.6266
21,0.020604,0.021605,21.099,21.605,INT 4-2-4-2,5,92.6352,1.7262
21,0.011163,0.011705,11.431,11.705,INT 4-2-2-8,5,91.7088,2.0862
21,0.010781,0.011305,11.04,11.305,INT 4-2-2-4,5,92.2908,1.7151
21,0.010591,0.011105,10.845,11.105,INT 4-2-2-2,5,92.2892,1.8881
21,0.041404,0.043415,42.397,43.415,INT 2-8-8-8,5,88.5848,3.7398
21,0.041022,0.043015,42.007,43.015,INT 2-8-8-4,5,88.6602,3.6683
21,0.040832,0.042815,41.812,42.815,INT 2-8-8-2,5,88.5058,3.8381
21,0.021377,0.022415,21.89,22.415,INT 2-8-4-8,5,88.2316,3.4581
21,0.020995,0.022015,21.499,22.015,INT 2-8-4-4,5,88.51,3.7904
21,0.020804,0.021815,21.304,21.815,INT 2-8-4-2,5,88.5138,3.8371
21,0.011363,0.011915,11.636,11.915,INT 2-8-2-8,5,88.1138,3.8228
21,0.010982,0.011515,11.245,11.515,INT 2-8-2-4,5,88.526,3.5986
21,0.010791,0.011315,11.05,11.315,INT 2-8-2-2,5,88.4366,3.6111
21,0.041261,0.043265,42.251,43.265,INT 2-4-8-8,5,88.4758,3.3707
21,0.040879,0.042865,41.86,42.865,INT 2-4-8-4,5,88.7112,3.2453
21,0.040689,0.042665,41.665,42.665,INT 2-4-8-2,5,88.5282,3.6219
21,0.021234,0.022265,21.743,22.265,INT 2-4-4-8,5,88.1866,3.8346
21,0.020852,0.021865,21.353,21.865,INT 2-4-4-4,5,88.2656,3.7942
21,0.020661,0.021665,21.157,21.665,INT 2-4-4-2,5,88.3486,3.6316
21,0.01122,0.011765,11.489,11.765,INT 2-4-2-8,5,88.4424,3.0846
21,0.010839,0.011365,11.099,11.365,INT 2-4-2-4,5,87.7444,3.3103
21,0.010648,0.011165,10.903,11.165,INT 2-4-2-2,5,88.1518,3.8674
21,0.041189,0.04319,42.178,43.19,INT 2-2-8-8,5,86.621,2.607
21,0.040808,0.04279,41.787,42.79,INT 2-2-8-4,5,86.4018,2.4176
21,0.040617,0.04259,41.592,42.59,INT 2-2-8-2,5,85.9432,2.473
21,0.021162,0.02219,21.67,22.19,INT 2-2-4-8,5,86.2688,3.2416
21,0.020781,0.02179,21.279,21.79,INT 2-2-4-4,5,86.1442,3.4552
21,0.02059,0.02159,21.084,21.59,INT 2-2-4-2,5,86.0234,3.12
21,0.011148,0.01169,11.416,11.69,INT 2-2-2-8,5,86.467,2.3025
21,0.010767,0.01129,11.025,11.29,INT 2-2-2-4,5,85.7348,3.1916
21,0.010576,0.01109,10.83,11.09,INT 2-2-2-2,5,85.8428,2.6402
11,0.022373,0.02346,22.91,23.46,INT 8-8-8-8,5,84.8388,2.883
11,0.021992,0.02306,22.52,23.06,INT 8-8-8-4,5,84.652,2.9755
11,0.021801,0.02286,22.324,22.86,INT 8-8-8-2,5,84.7226,3.0466
11,0.011883,0.01246,12.168,12.46,INT 8-8-4-8,5,84.7912,3.174
11,0.011501,0.01206,11.777,12.06,INT 8-8-4-4,5,84.5806,3.3592
11,0.011311,0.01186,11.582,11.86,INT 8-8-4-2,5,84.5528,3.2226
11,0.006638,0.00696,6.797,6.96,INT 8-8-2-8,5,84.5966,2.9857
11,0.006256,0.00656,6.406,6.56,INT 8-8-2-4,5,84.3016,2.4354
11,0.006065,0.00636,6.211,6.36,INT 8-8-2-2,5,84.3346,2.8457
11,0.02223,0.02331,22.764,23.31,INT 8-4-8-8,5,84.391,3.0829
11,0.021849,0.02291,22.373,22.91,INT 8-4-8-4,5,84.2172,3.3827
11,0.021658,0.02271,22.178,22.71,INT 8-4-8-2,5,84.6966,2.7825
11,0.01174,0.01231,12.021,12.31,INT 8-4-4-8,5,84.8178,2.7238
11,0.011358,0.01191,11.631,11.91,INT 8-4-4-4,5,84.5492,2.2897
11,0.011168,0.01171,11.436,11.71,INT 8-4-4-2,5,84.378,2.3113
11,0.006495,0.00681,6.65,6.81,INT 8-4-2-8,5,84.2438,3.2457
11,0.006113,0.00641,6.26,6.41,INT 8-4-2-4,5,84.2536,2.6575
11,0.005922,0.00621,6.064,6.21,INT 8-4-2-2,5,84.113,2.9491
11,0.022159,0.023235,22.69,23.235,INT 8-2-8-8,5,82.431,2.4655
11,0.021777,0.022835,22.3,22.835,INT 8-2-8-4,5,82.5054,1.8612
11,0.021586,0.022635,22.104,22.635,INT 8-2-8-2,5,82.165,1.8231
11,0.011668,0.012235,11.948,12.235,INT 8-2-4-8,5,82.0948,2.0084
11,0.011287,0.011835,11.558,11.835,INT 8-2-4-4,5,82.879,2.2366
11,0.011096,0.011635,11.362,11.635,INT 8-2-4-2,5,82.1716,2.2405
11,0.006423,0.006735,6.577,6.735,INT 8-2-2-8,5,82.3498,2.2497
11,0.006042,0.006335,6.187,6.335,INT 8-2-2-4,5,82.3026,2.1917
11,0.005851,0.006135,5.991,6.135,INT 8-2-2-2,5,82.1216,0.9464
11,0.022345,0.02343,22.881,23.43,INT 4-8-8-8,5,84.4144,2.9714
11,0.021963,0.02303,22.49,23.03,INT 4-8-8-4,5,84.4356,3.0375
11,0.021772,0.02283,22.295,22.83,INT 4-8-8-2,5,84.4648,3.1273
11,0.011854,0.01243,12.139,12.43,INT 4-8-4-8,5,84.2632,3.0471
11,0.011473,0.01203,11.748,12.03,INT 4-8-4-4,5,84.4176,2.9654
11,0.011282,0.01183,11.553,11.83,INT 4-8-4-2,5,84.355,2.9534
11,0.006609,0.00693,6.768,6.93,INT 4-8-2-8,5,84.2128,2.9808
11,0.006227,0.00653,6.377,6.53,INT 4-8-2-4,5,84.2124,2.7938
11,0.006037,0.00633,6.182,6.33,INT 4-8-2-2,5,83.995,2.6503
11,0.022202,0.02328,22.734,23.28,INT 4-4-8-8,5,84.0068,3.0819
11,0.02182,0.02288,22.344,22.88,INT 4-4-8-4,5,84.4558,2.1708
11,0.021629,0.02268,22.148,22.68,INT 4-4-8-2,5,83.3012,4.3574
11,0.011711,0.01228,11.992,12.28,INT 4-4-4-8,5,84.0342,3.3079
11,0.01133,0.01188,11.602,11.88,INT 4-4-4-4,5,83.753,3.5063
11,0.011139,0.01168,11.406,11.68,INT 4-4-4-2,5,83.2552,3.2359
11,0.006466,0.00678,6.621,6.78,INT 4-4-2-8,5,84.2008,2.6185
11,0.006084,0.00638,6.23,6.38,INT 4-4-2-4,5,83.6488,3.015
11,0.005894,0.00618,6.035,6.18,INT 4-4-2-2,5,83.2898,3.1006
11,0.02213,0.023205,22.661,23.205,INT 4-2-8-8,5,82.5494,1.787
11,0.021749,0.022805,22.271,22.805,INT 4-2-8-4,5,81.2694,2.6119
11,0.021558,0.022605,22.075,22.605,INT 4-2-8-2,5,82.148,1.7586
11,0.01164,0.012205,11.919,12.205,INT 4-2-4-8,5,81.5738,2.7571
11,0.011258,0.011805,11.528,11.805,INT 4-2-4-4,5,82.0486,1.8164
11,0.011067,0.011605,11.333,11.605,INT 4-2-4-2,5,81.6096,2.135
11,0.006394,0.006705,6.548,6.705,INT 4-2-2-8,5,80.7826,1.2267
11,0.006013,0.006305,6.157,6.305,INT 4-2-2-4,5,81.187,1.6464
11,0.005822,0.006105,5.962,6.105,INT 4-2-2-2,5,80.9222,2.0444
11,0.02233,0.023415,22.866,23.415,INT 2-8-8-8,5,77.9232,3.4756
11,0.021949,0.023015,22.476,23.015,INT 2-8-8-4,5,78.0114,3.4371
11,0.021758,0.022815,22.28,22.815,INT 2-8-8-2,5,77.0536,3.4674
11,0.01184,0.012415,12.124,12.415,INT 2-8-4-8,5,77.869,3.3948
11,0.011458,0.012015,11.733,12.015,INT 2-8-4-4,5,77.959,3.3051
11,0.011268,0.011815,11.538,11.815,INT 2-8-4-2,5,77.0064,3.3112
11,0.006595,0.006915,6.753,6.915,INT 2-8-2-8,5,76.9308,3.3536
11,0.006213,0.006515,6.362,6.515,INT 2-8-2-4,5,76.7844,3.5814
11,0.006022,0.006315,6.167,6.315,INT 2-8-2-2,5,76.4804,3.3389
11,0.022187,0.023265,22.72,23.265,INT 2-4-8-8,5,77.2642,3.548
11,0.021806,0.022865,22.329,22.865,INT 2-4-8-4,5,77.629,3.676
11,0.021615,0.022665,22.134,22.665,INT 2-4-8-2,5,76.8222,3.4101
11,0.011697,0.012265,11.978,12.265,INT 2-4-4-8,5,77.263,3.7041
11,0.011315,0.011865,11.587,11.865,INT 2-4-4-4,5,77.6266,3.682
11,0.011125,0.011665,11.392,11.665,INT 2-4-4-2,5,76.9926,3.4158
11,0.006452,0.006765,6.606,6.765,INT 2-4-2-8,5,76.7754,3.0476
11,0.00607,0.006365,6.216,6.365,INT 2-4-2-4,5,76.27,3.3086
11,0.005879,0.006165,6.021,6.165,INT 2-4-2-2,5,75.744,3.6425
11,0.022116,0.02319,22.646,23.19,INT 2-2-8-8,5,75.6308,3.1598
11,0.021734,0.02279,22.256,22.79,INT 2-2-8-4,5,75.7314,3.2216
11,0.021544,0.02259,22.061,22.59,INT 2-2-8-2,5,74.5146,2.7303
11,0.011625,0.01219,11.904,12.19,INT 2-2-4-8,5,75.4498,2.9352
11,0.011244,0.01179,11.514,11.79,INT 2-2-4-4,5,75.265,4.1357
11,0.011053,0.01159,11.318,11.59,INT 2-2-4-2,5,74.739,2.9103
11,0.00638,0.00669,6.533,6.69,INT 2-2-2-8,5,74.257,2.8737
11,0.005999,0.00629,6.143,6.29,INT 2-2-2-4,5,74.5544,2.3587
11,0.005808,0.00609,5.947,6.09,INT 2-2-2-2,5,74.1192,2.7822
5,0.010929,0.01146,11.191,11.46,INT 8-8-8-8,5,69.7598,0.844
5,0.010548,0.01106,10.801,11.06,INT 8-8-8-4,5,69.9258,0.872
5,0.010357,0.01086,10.605,10.86,INT 8-8-8-2,5,69.8458,0.8563
5,0.006161,0.00646,6.309,6.46,INT 8-8-4-8,5,69.796,0.893
5,0.005779,0.00606,5.918,6.06,INT 8-8-4-4,5,69.7824,0.991
5,0.005589,0.00586,5.723,5.86,INT 8-8-4-2,5,69.7534,0.9158
5,0.003777,0.00396,3.867,3.96,INT 8-8-2-8,5,69.1078,1.2219
5,0.003395,0.00356,3.477,3.56,INT 8-8-2-4,5,69.1702,1.0418
5,0.003204,0.00336,3.281,3.36,INT 8-8-2-2,5,69.2028,1.2329
5,0.010786,0.01131,11.045,11.31,INT 8-4-8-8,5,69.1348,0.937
5,0.010405,0.01091,10.654,10.91,INT 8-4-8-4,5,68.7992,0.877
5,0.010214,0.01071,10.459,10.71,INT 8-4-8-2,5,68.9532,0.749
5,0.006018,0.00631,6.162,6.31,INT 8-4-4-8,5,68.8978,1.1168
5,0.005636,0.00591,5.771,5.91,INT 8-4-4-4,5,68.3088,0.4291
5,0.005445,0.00571,5.576,5.71,INT 8-4-4-2,5,68.7124,0.8548
5,0.003633,0.00381,3.721,3.81,INT 8-4-2-8,5,68.6256,0.7717
5,0.003252,0.00341,3.33,3.41,INT 8-4-2-4,5,68.093,0.4292
5,0.003061,0.00321,3.135,3.21,INT 8-4-2-2,5,67.9964,0.5699
5,0.010715,0.011235,10.972,11.235,INT 8-2-8-8,5,64.3744,2.1389
5,0.010333,0.010835,10.581,10.835,INT 8-2-8-4,5,64.1204,2.8888
5,0.010142,0.010635,10.386,10.635,INT 8-2-8-2,5,64.4486,2.06
5,0.005946,0.006235,6.089,6.235,INT 8-2-4-8,5,64.237,2.0443
5,0.005565,0.005835,5.698,5.835,INT 8-2-4-4,5,64.4528,1.9576
5,0.005374,0.005635,5.503,5.635,INT 8-2-4-2,5,63.5788,2.7914
5,0.003562,0.003735,3.647,3.735,INT 8-2-2-8,5,63.1558,2.6556
5,0.003181,0.003335,3.257,3.335,INT 8-2-2-4,5,63.3972,3.0197
5,0.00299,0.003135,3.062,3.135,INT 8-2-2-2,5,63.6856,2.4551
5,0.0109,0.01143,11.162,11.43,INT 4-8-8-8,5,68.463,1.7672
5,0.010519,0.01103,10.771,11.03,INT 4-8-8-4,5,68.2354,2.0922
5,0.010328,0.01083,10.576,10.83,INT 4-8-8-2,5,68.327,0.8681
5,0.006132,0.00643,6.279,6.43,INT 4-8-4-8,5,68.4092,1.3015
5,0.005751,0.00603,5.889,6.03,INT 4-8-4-4,5,68.1336,1.9757
5,0.00556,0.00583,5.693,5.83,INT 4-8-4-2,5,67.9932,1.6508
5,0.003748,0.00393,3.838,3.93,INT 4-8-2-8,5,68.1694,1.4983
5,0.003366,0.00353,3.447,3.53,INT 4-8-2-4,5,68.0272,1.8252
5,0.003176,0.00333,3.252,3.33,INT 4-8-2-2,5,68.3418,1.2324
5,0.010757,0.01128,11.016,11.28,INT 4-4-8-8,5,67.373,2.104
5,0.010376,0.01088,10.625,10.88,INT 4-4-8-4,5,67.7974,1.4312
5,0.010185,0.01068,10.43,10.68,INT 4-4-8-2,5,67.6346,1.444
5,0.005989,0.00628,6.133,6.28,INT 4-4-4-8,5,67.6888,1.4703
5,0.005608,0.00588,5.742,5.88,INT 4-4-4-4,5,67.6674,1.4831
5,0.005417,0.00568,5.547,5.68,INT 4-4-4-2,5,67.5364,1.2095
5,0.003605,0.00378,3.691,3.78,INT 4-4-2-8,5,66.7696,1.5993
5,0.003223,0.00338,3.301,3.38,INT 4-4-2-4,5,67.3998,1.4594
5,0.003033,0.00318,3.105,3.18,INT 4-4-2-2,5,66.3852,0.8847
5,0.010686,0.011205,10.942,11.205,INT 4-2-8-8,5,63.3094,3.5327
5,0.010304,0.010805,10.552,10.805,INT 4-2-8-4,5,63.041,3.5441
5,0.010114,0.010605,10.356,10.605,INT 4-2-8-2,5,63.2262,3.8786
5,0.005918,0.006205,6.06,6.205,INT 4-2-4-8,5,63.4524,3.4524
5,0.005536,0.005805,5.669,5.805,INT 4-2-4-4,5,63.8514,2.7935
5,0.005345,0.005605,5.474,5.605,INT 4-2-4-2,5,63.3768,2.7264
5,0.003533,0.003705,3.618,3.705,INT 4-2-2-8,5,63.1424,2.6565
5,0.003152,0.003305,3.228,3.305,INT 4-2-2-4,5,63.3684,3.5742
5,0.002961,0.003105,3.032,3.105,INT 4-2-2-2,5,62.705,3.9399
5,0.010886,0.011415,11.147,11.415,INT 2-8-8-8,5,63.1654,0.8205
5,0.010505,0.011015,10.757,11.015,INT 2-8-8-4,5,63.0636,1.002
5,0.010314,0.010815,10.562,10.815,INT 2-8-8-2,5,62.8476,0.817
5,0.006118,0.006415,6.265,6.415,INT 2-8-4-8,5,62.8068,0.9738
5,0.005736,0.006015,5.874,6.015,INT 2-8-4-4,5,62.839,1.0186
5,0.005546,0.005815,5.679,5.815,INT 2-8-4-2,5,62.7576,0.7474
5,0.003734,0.003915,3.823,3.915,INT 2-8-2-8,5,62.8356,1.8898
5,0.003352,0.003515,3.433,3.515,INT 2-8-2-4,5,62.8498,1.8648
5,0.003161,0.003315,3.237,3.315,INT 2-8-2-2,5,62.3332,1.0499
5,0.010743,0.011265,11.001,11.265,INT 2-4-8-8,5,62.6796,1.0991
5,0.010362,0.010865,10.61,10.865,INT 2-4-8-4,5,62.2798,1.5305
5,0.010171,0.010665,10.415,10.665,INT 2-4-8-2,5,61.9454,1.1559
5,0.005975,0.006265,6.118,6.265,INT 2-4-4-8,5,62.3898,1.2189
5,0.005593,0.005865,5.728,5.865,INT 2-4-4-4,5,62.6368,1.377
5,0.005403,0.005665,5.532,5.665,INT 2-4-4-2,5,61.9388,0.9573
5,0.003591,0.003765,3.677,3.765,INT 2-4-2-8,5,62.0548,1.6061
5,0.003209,0.003365,3.286,3.365,INT 2-4-2-4,5,62.3618,1.8552
5,0.003018,0.003165,3.091,3.165,INT 2-4-2-2,5,61.4952,1.5123
5,0.010672,0.01119,10.928,11.19,INT 2-2-8-8,5,59.5576,1.988
5,0.01029,0.01079,10.537,10.79,INT 2-2-8-4,5,59.196,2.0956
5,0.010099,0.01059,10.342,10.59,INT 2-2-8-2,5,58.8668,2.5589
5,0.005903,0.00619,6.045,6.19,INT 2-2-4-8,5,59.2938,1.6505
5,0.005522,0.00579,5.654,5.79,INT 2-2-4-4,5,58.8748,2.7493
5,0.005331,0.00559,5.459,5.59,INT 2-2-4-2,5,59.304,2.8686
5,0.003519,0.00369,3.604,3.69,INT 2-2-2-8,5,59.1516,2.1566
5,0.003138,0.00329,3.213,3.29,INT 2-2-2-4,5,59.2722,2.0337
5,0.002947,0.00309,3.018,3.09,INT 2-2-2-2,5,58.787,1.4244