input_length,config,runs,mean_acc,std_acc
91,INT 8-8-4-4,5,99.2316,0.24928858778532426
101,INT 8-8-8-4,5,99.2302,0.22686493779339093
91,INT 8-8-4-8,5,99.22619999999999,0.22488374774535905
91,INT 8-8-8-4,5,99.22380000000001,0.23753147159902818
91,INT 8-8-2-8,5,99.2228,0.2172065836939617
91,INT 8-8-8-8,5,99.2194,0.23070283916762688
101,INT 8-8-2-4,5,99.216,0.21327915978829504
91,INT 8-8-2-4,5,99.2158,0.22202184577198225
91,INT 8-4-4-4,5,99.2138,0.21134261283518485
101,INT 8-8-4-8,5,99.2096,0.23901945527508275
91,INT 8-8-8-2,5,99.2072,0.22174918263660184
91,INT 8-8-2-2,5,99.2068,0.21747114751156849
101,INT 8-8-4-2,5,99.20599999999999,0.2283068111117118
101,INT 8-8-8-8,5,99.205,0.24537012858129573
101,INT 8-8-8-2,5,99.203,0.2493541657963625
91,INT 8-4-8-4,5,99.20259999999999,0.2132997890294353
91,INT 8-8-4-2,5,99.20219999999999,0.21530838348750528
91,INT 8-4-8-8,5,99.1908,0.19572608410735748
91,INT 8-4-4-8,5,99.19059999999999,0.19254428062137208
101,INT 8-8-2-8,5,99.19,0.23861999078032833
101,INT 8-4-2-4,5,99.1898,0.21865543670350282
101,INT 8-4-8-4,5,99.189,0.24425806025595645
91,INT 8-4-2-2,5,99.1886,0.22942602293550632
101,INT 8-4-8-8,5,99.1886,0.21782515924474632
91,INT 8-4-2-4,5,99.1884,0.2243486126544949
101,INT 8-4-4-4,5,99.187,0.21412963363346554
101,INT 8-8-4-4,5,99.1864,0.26908325849075
101,INT 8-4-4-8,5,99.18440000000001,0.2508451713707134
101,INT 8-4-2-8,5,99.176,0.2499239884444915
91,INT 8-4-4-2,5,99.173,0.2612718890351541
101,INT 8-8-2-2,5,99.173,0.24835458522040227
101,INT 8-4-8-2,5,99.1606,0.21581195518321566
91,INT 8-4-2-8,5,99.1482,0.177928918391579
101,INT 8-4-2-2,5,99.136,0.23342236396712263
91,INT 8-4-8-2,5,99.0876,0.22203333083120755
101,INT 8-4-4-2,5,99.07919999999999,0.3488534076084035
101,INT 8-2-4-4,5,99.02000000000001,0.4820409733622247
101,INT 8-2-4-8,5,99.0066,0.5482871510440478
101,INT 8-2-4-2,5,98.9816,0.49031704029127793
101,INT 8-2-2-4,5,98.97619999999999,0.3709173762443637
101,INT 8-2-2-8,5,98.96759999999999,0.40541003934288133
101,INT 8-2-8-2,5,98.96579999999999,0.47170138859239624
101,INT 8-2-8-4,5,98.9476,0.4290935795371445
101,INT 8-2-2-2,5,98.9418,0.4363727764194267
101,INT 8-2-8-8,5,98.8866,0.3821299517179955
101,INT 4-8-2-2,5,98.856,0.31927495987001936
101,INT 4-4-2-2,5,98.85159999999999,0.34696728952453265
101,INT 4-4-4-2,5,98.8454,0.31416285585663817
91,INT 8-2-2-8,5,98.8408,0.28913699175305
101,INT 4-4-4-4,5,98.8376,0.2555157529390287
91,INT 8-2-4-8,5,98.83279999999999,0.336671501615448
91,INT 8-2-2-4,5,98.8296,0.2847091498354077
91,INT 8-2-8-8,5,98.8238,0.22304752856734286
101,INT 4-8-2-8,5,98.81899999999999,0.34934009217380213
101,INT 4-8-2-4,5,98.8172,0.34688931952424984
101,INT 4-4-8-2,5,98.8172,0.3259550582518976
101,INT 4-4-8-4,5,98.8126,0.27160228275917847
101,INT 4-8-8-4,5,98.79499999999999,0.27191083097221785
91,INT 8-2-8-2,5,98.7948,0.29047753785791486
101,INT 4-4-2-4,5,98.789,0.35522035414655145
101,INT 4-8-4-8,5,98.78720000000001,0.2789582406024238
101,INT 4-8-8-2,5,98.7862,0.285981992440081
101,INT 4-8-8-8,5,98.7858,0.2745572799981821
91,INT 8-2-8-4,5,98.7858,0.2915942386262148
91,INT 8-2-4-4,5,98.7826,0.21153675803509844
101,INT 4-8-4-4,5,98.78099999999999,0.2702249063280474
101,INT 4-4-2-8,5,98.78,0.34883377130088683
101,INT 4-8-4-2,5,98.76079999999999,0.23259879621356722
101,INT 4-4-4-8,5,98.7388,0.3327389367056393
101,INT 4-4-8-8,5,98.7376,0.3299360544105493
91,INT 8-2-4-2,5,98.72540000000001,0.24252999814455642
71,INT 8-8-2-8,5,98.695,0.4952867856101117
71,INT 8-8-4-8,5,98.6884,0.5094897447446831
81,INT 8-8-2-8,5,98.6832,0.31131848644113425
81,INT 8-4-4-4,5,98.6744,0.36342922282062334
81,INT 8-8-8-8,5,98.6734,0.3193294536994666
81,INT 8-8-8-4,5,98.6728,0.33354564904971834
81,INT 8-8-2-2,5,98.672,0.32854527846249876
81,INT 8-8-4-8,5,98.6692,0.34478790582037366
81,INT 8-8-8-2,5,98.6664,0.32823055921105254
81,INT 8-8-4-4,5,98.6624,0.33416133827838373
81,INT 8-4-8-8,5,98.6606,0.3084984602878897
81,INT 8-8-2-4,5,98.66040000000001,0.3080548652431912
91,INT 8-2-2-2,5,98.6602,0.4453270708142506
71,INT 8-8-2-2,5,98.659,0.4802072469257406
81,INT 8-4-2-2,5,98.6582,0.3713518547146339
71,INT 8-8-8-4,5,98.6542,0.4827843203750514
71,INT 8-8-4-4,5,98.6528,0.48352735186336365
71,INT 8-8-2-4,5,98.6514,0.4830199788828577
81,INT 8-4-2-4,5,98.6494,0.35055427539825745
81,INT 8-8-4-2,5,98.649,0.32185322741895855
71,INT 8-8-8-8,5,98.6424,0.531723894516692
81,INT 8-4-4-2,5,98.6412,0.37665328884797983
81,INT 8-4-8-2,5,98.639,0.3116159495276202
81,INT 8-4-8-4,5,98.63419999999999,0.3179059609381359
71,INT 8-8-4-2,5,98.6316,0.4823362934716796
71,INT 8-4-8-4,5,98.62519999999999,0.5125867731418736
81,INT 8-4-4-8,5,98.624,0.28308655920053727
71,INT 8-8-8-2,5,98.62280000000001,0.4730081394648508
81,INT 8-4-2-8,5,98.6194,0.3557707126788273
101,INT 4-2-4-8,5,98.6146,0.4740984075062918
101,INT 4-2-4-4,5,98.6084,0.509976764176565
91,INT 4-8-4-8,5,98.6036,0.3899305066290652
71,INT 8-4-2-2,5,98.6036,0.5091049007817526
101,INT 4-2-8-8,5,98.5906,0.4962195078793221
101,INT 4-2-2-8,5,98.5808,0.43653144216654055
71,INT 8-4-2-8,5,98.5638,0.4948946352507781
101,INT 4-2-2-2,5,98.558,0.5037742549992021
101,INT 4-2-4-2,5,98.553,0.5471302404364105
81,INT 4-8-2-4,5,98.5352,0.20161646758139556
81,INT 4-8-4-8,5,98.5328,0.1990143210927245
81,INT 4-4-8-8,5,98.529,0.2663662891583645
81,INT 4-8-2-2,5,98.52860000000001,0.16157289376625336
81,INT 4-8-8-8,5,98.5284,0.21460149114113541
81,INT 4-8-4-4,5,98.5274,0.2044438798301356
101,INT 4-2-2-4,5,98.5256,0.3606928055839188
81,INT 4-8-8-2,5,98.5248,0.18552007977574855
81,INT 4-8-2-8,5,98.52380000000001,0.18641539635984755
81,INT 4-8-8-4,5,98.5236,0.21379382591646545
81,INT 4-4-2-2,5,98.5188,0.24647352799032707
71,INT 8-4-4-8,5,98.5158,0.5849929059398955
91,INT 4-8-4-4,5,98.51559999999999,0.3025884994509844
81,INT 4-8-4-2,5,98.513,0.19676254724921619
101,INT 4-2-8-2,5,98.505,0.5267338037377127
81,INT 4-4-8-4,5,98.505,0.2460497917089162
101,INT 4-2-8-4,5,98.4986,0.38332205780518386
81,INT 4-4-4-8,5,98.4974,0.24239286293123255
91,INT 4-8-2-4,5,98.49499999999999,0.28096174116772893
81,INT 4-4-4-2,5,98.4942,0.2599282593332203
81,INT 4-4-8-2,5,98.4938,0.2685622832789401
71,INT 8-4-8-8,5,98.4884,0.6061264719511914
71,INT 8-4-4-4,5,98.4842,0.5881591621321547
81,INT 4-4-2-8,5,98.48240000000001,0.2800005357137754
81,INT 4-4-4-4,5,98.4808,0.23749463151827416
71,INT 8-4-4-2,5,98.47999999999999,0.5430050644331047
71,INT 8-4-8-2,5,98.4672,0.5333710715815075
91,INT 4-8-2-2,5,98.4628,0.25225324576702296
91,INT 4-8-8-8,5,98.4556,0.43875311964703323
91,INT 4-8-2-8,5,98.453,0.27287268093380396
91,INT 4-8-8-4,5,98.4486,0.3580409194491559
91,INT 4-4-2-8,5,98.4462,0.4298251970278135
91,INT 4-4-4-4,5,98.4362,0.4745010010526819
91,INT 4-4-2-4,5,98.428,0.39749654086544806
71,INT 8-4-2-4,5,98.4268,0.5664761248278697
91,INT 4-8-8-2,5,98.4214,0.35074107258774556
91,INT 4-4-4-2,5,98.4168,0.44713387257061465
81,INT 4-4-2-4,5,98.4078,0.3976313619421929
91,INT 4-4-2-2,5,98.40459999999999,0.4020134326114019
91,INT 4-4-4-8,5,98.4008,0.49753462191087505
91,INT 4-4-8-4,5,98.3994,0.5116168488234187
91,INT 4-8-4-2,5,98.3892,0.35425936826003357
91,INT 4-4-8-8,5,98.38820000000001,0.3919007527423206
91,INT 4-4-8-2,5,98.34880000000001,0.3894851730168975
71,INT 8-2-4-8,5,98.3472,0.43040236988194797
81,INT 8-2-2-4,5,98.3276,0.4908964249207728
71,INT 8-2-8-8,5,98.3048,0.4331272330389752
71,INT 8-2-8-4,5,98.2918,0.42732505192183506
71,INT 8-2-4-2,5,98.267,0.37402005293834417
81,INT 8-2-2-8,5,98.2628,0.44954888499472434
71,INT 8-2-4-4,5,98.2618,0.5028346646761702
71,INT 8-2-2-8,5,98.22279999999999,0.42871867232486865
81,INT 8-2-4-8,5,98.2222,0.5295943730818923
81,INT 8-2-4-2,5,98.2202,0.4785077846806678
71,INT 8-2-2-4,5,98.2108,0.43743650967883696
61,INT 8-8-2-4,5,98.1998,0.6478932782488164
61,INT 8-8-2-8,5,98.1972,0.6158824563177623
51,INT 8-8-2-4,5,98.196,0.3670483619361343
71,INT 8-2-8-2,5,98.1884,0.38422493412062214
91,INT 4-2-8-4,5,98.1858,0.6414804751510422
51,INT 8-8-2-8,5,98.1824,0.3645823638082395
61,INT 8-8-8-8,5,98.1678,0.6019241646586295
61,INT 8-8-4-8,5,98.16600000000001,0.6094911812323399
61,INT 8-8-2-2,5,98.1632,0.7388076204263198
81,INT 8-2-8-2,5,98.1508,0.5334451237006492
61,INT 8-8-4-4,5,98.1504,0.608232110300007
81,INT 8-2-2-2,5,98.1492,0.519435462786286
61,INT 8-8-8-4,5,98.14320000000001,0.6284530213150387
61,INT 8-8-8-2,5,98.14,0.5964348246036641
61,INT 8-4-2-2,5,98.138,0.6081307425217076
61,INT 8-8-4-2,5,98.1336,0.6631095686234683
51,INT 8-4-2-8,5,98.1318,0.4470645367281948
71,INT 8-2-2-2,5,98.1284,0.43860722748263237
81,INT 8-2-8-4,5,98.12440000000001,0.538065330605867
61,INT 8-4-2-8,5,98.11699999999999,0.6112446318782692
51,INT 8-8-2-2,5,98.1152,0.3159963607385398
61,INT 8-2-8-8,5,98.1138,0.26784547784124063
51,INT 8-4-2-4,5,98.11019999999999,0.41882478436692216
51,INT 8-8-8-8,5,98.1044,0.4577415209482312
61,INT 8-4-4-2,5,98.1044,0.5528610132754821
81,INT 8-2-4-4,5,98.0988,0.5692957930636738
91,INT 4-2-8-2,5,98.0984,0.5489064583332895
61,INT 8-2-8-2,5,98.09819999999999,0.30899627829473925
61,INT 8-4-4-8,5,98.0942,0.5649532724040113
61,INT 8-4-8-8,5,98.0934,0.5670884410742288
61,INT 8-4-8-2,5,98.08959999999999,0.57517675544132
61,INT 8-4-2-4,5,98.0876,0.682059601501217
51,INT 8-8-4-4,5,98.08520000000001,0.38141604580824634
51,INT 8-8-8-4,5,98.0842,0.4071752693865402
71,INT 4-8-2-4,5,98.0842,0.5722461882791354
61,INT 8-2-8-4,5,98.0808,0.18885894207053167
51,INT 8-8-4-8,5,98.0798,0.38562248378433417
71,INT 4-8-2-8,5,98.07939999999999,0.5819697586644891
51,INT 8-8-4-2,5,98.07660000000001,0.36168536049997807
51,INT 8-8-8-2,5,98.07480000000001,0.38495675081754194
61,INT 8-4-8-4,5,98.074,0.5865598861156459
91,INT 4-2-4-2,5,98.0638,0.6356521847677452
71,INT 4-8-2-2,5,98.0608,0.5820873645768274
71,INT 4-8-4-4,5,98.05940000000001,0.5763638607685256
61,INT 8-2-4-4,5,98.0568,0.2090949545063214
61,INT 8-2-2-8,5,98.0562,0.2853361175876577
61,INT 8-2-2-2,5,98.0556,0.30975361176263744
51,INT 8-4-8-8,5,98.0522,0.4646952764984811
71,INT 4-8-8-8,5,98.047,0.5580026881655712
91,INT 4-2-4-4,5,98.0438,0.6540062690831042
71,INT 4-8-4-8,5,98.04339999999999,0.5551367399118889
51,INT 8-4-4-8,5,98.04159999999999,0.44946390288876387
71,INT 4-4-2-4,5,98.0404,0.6130018760167055
61,INT 8-2-4-8,5,98.0344,0.35723283723645094
81,INT 8-2-8-8,5,98.0296,0.6926989244975048
61,INT 8-2-2-4,5,98.0266,0.3479372069785033
71,INT 4-4-2-8,5,98.0266,0.6064971558053677
71,INT 4-8-8-4,5,98.0242,0.5333232603215436
71,INT 4-8-8-2,5,98.0212,0.5686490130124228
71,INT 4-4-8-4,5,98.018,0.5987520354871434
61,INT 4-8-4-4,5,98.0164,0.5766509342748118
71,INT 4-4-8-2,5,98.0164,0.6176631768205082
71,INT 4-4-4-8,5,98.011,0.5783515366971892
71,INT 4-4-4-4,5,98.0036,0.5704347464872721
71,INT 4-8-4-2,5,97.9992,0.574316724464823
51,INT 8-4-8-4,5,97.998,0.4801848602361348
61,INT 4-8-2-2,5,97.9926,0.5348292250803008
71,INT 4-4-2-2,5,97.99080000000001,0.5731833912457642
51,INT 8-4-4-4,5,97.9906,0.4691644700955123
61,INT 8-2-4-2,5,97.9864,0.3179595886272302
81,INT 4-2-8-2,5,97.9856,0.4756125523995339
81,INT 4-2-8-4,5,97.9854,0.48355692529422084
61,INT 4-8-2-4,5,97.9748,0.5280106059540892
61,INT 4-8-2-8,5,97.9696,0.5455646616121724
91,INT 4-2-2-4,5,97.9662,0.8853875987385378
71,INT 4-4-8-8,5,97.961,0.5299891508323561
81,INT 4-2-4-8,5,97.9608,0.4998251694342713
61,INT 8-4-4-4,5,97.9596,0.6556396113719809
51,INT 8-4-8-2,5,97.9568,0.45331523248176553
81,INT 4-2-4-4,5,97.9518,0.5196183214629769
71,INT 4-4-4-2,5,97.9356,0.5452777274013626
91,INT 4-2-4-8,5,97.934,0.6574728131261396
51,INT 8-4-4-2,5,97.92760000000001,0.41938502596063626
61,INT 4-8-4-8,5,97.92280000000001,0.5022297283116534
61,INT 4-8-8-8,5,97.9198,0.5022416748936707
61,INT 4-8-4-2,5,97.91319999999999,0.5341345336148899
51,INT 8-4-2-2,5,97.9054,0.36805339286575856
61,INT 4-8-8-4,5,97.896,0.5240982732274471
61,INT 4-8-8-2,5,97.8938,0.542377359409483
91,INT 4-2-2-8,5,97.89320000000001,0.9290385890801248
81,INT 4-2-2-4,5,97.8898,0.44703545720669813
61,INT 4-4-2-4,5,97.8566,0.5957048765957872
81,INT 4-2-8-8,5,97.848,0.6935221697970434
61,INT 4-4-8-8,5,97.8322,0.5269313997096848
91,INT 4-2-2-2,5,97.8004,0.9920155240720735
61,INT 4-4-4-2,5,97.7826,0.5936575612253255
61,INT 4-4-2-2,5,97.77919999999999,0.601749283339832
61,INT 4-4-8-2,5,97.7784,0.5912806440261753
61,INT 4-4-4-8,5,97.7778,0.5458293689423453
61,INT 4-4-2-8,5,97.773,0.6893855960201102
61,INT 4-2-4-8,5,97.7582,0.7596925035828677
61,INT 4-4-8-4,5,97.756,0.5747716938054581
61,INT 4-4-4-4,5,97.7406,0.6022829899640109
61,INT 4-2-4-4,5,97.70660000000001,0.7244044450443361
91,INT 4-2-8-8,5,97.6948,1.5048296249077497
81,INT 4-2-2-8,5,97.69460000000001,0.8295361957142093
81,INT 4-2-2-2,5,97.67760000000001,0.8606014176144517
61,INT 4-2-2-2,5,97.6618,0.6689788486940371
51,INT 4-8-2-4,5,97.65740000000001,0.24704108969966493
81,INT 4-2-4-2,5,97.6318,0.7993120166743395
51,INT 4-8-2-8,5,97.62379999999999,0.3275312198859846
51,INT 4-4-2-4,5,97.61359999999999,0.46022472771462525
61,INT 4-2-8-8,5,97.6082,0.6855885792514348
71,INT 4-2-8-2,5,97.6036,0.7369381249467254
71,INT 4-2-4-8,5,97.603,0.8024225819354777
51,INT 4-4-8-8,5,97.5906,0.353556643269504
71,INT 4-2-4-2,5,97.5876,0.7837112350859857
51,INT 4-4-4-4,5,97.5802,0.35235521849406876
51,INT 4-4-8-2,5,97.5784,0.3920233411418223
51,INT 4-4-2-8,5,97.578,0.43743399502096336
71,INT 4-2-2-2,5,97.572,0.7532565963866458
51,INT 4-4-2-2,5,97.5682,0.46595568458813946
51,INT 4-8-4-4,5,97.55760000000001,0.3296737781504626
51,INT 4-8-8-8,5,97.55760000000001,0.33371439885027093
51,INT 8-2-8-8,5,97.5572,0.47731300003247645
51,INT 4-8-2-2,5,97.55499999999999,0.3123163460339539
51,INT 4-4-8-4,5,97.5524,0.39690653811697774
51,INT 4-4-4-8,5,97.55160000000001,0.4133246907698563
71,INT 4-2-4-4,5,97.5496,0.802718692942926
51,INT 8-2-2-4,5,97.54220000000001,0.4879356514951551
51,INT 4-8-4-2,5,97.541,0.2442570367461294
71,INT 4-2-8-4,5,97.5384,0.7987423239067784
51,INT 8-2-2-8,5,97.5336,0.45865161070250804
61,INT 4-2-2-4,5,97.52279999999999,0.7270221454673813
51,INT 8-2-4-4,5,97.5208,0.5372287222403589
51,INT 4-8-8-2,5,97.5146,0.27347266773847895
61,INT 4-2-8-4,5,97.5086,0.6135391593044409
51,INT 8-2-4-8,5,97.50840000000001,0.5575587861382898
51,INT 4-4-4-2,5,97.4988,0.49963356572592577
71,INT 4-2-2-8,5,97.492,0.6004743957905266
51,INT 8-2-4-2,5,97.4904,0.44104172138246217
51,INT 8-2-2-2,5,97.485,0.3796399610156999
71,INT 4-2-8-8,5,97.47279999999999,0.9236821422978807
51,INT 8-2-8-4,5,97.471,0.5537955398881417
51,INT 4-8-8-4,5,97.44980000000001,0.3479190997918922
51,INT 8-2-8-2,5,97.43039999999999,0.5262207711597862
51,INT 4-8-4-8,5,97.423,0.44040719794299393
61,INT 4-2-2-8,5,97.3942,0.7153151053906219
41,INT 4-8-2-2,5,97.37,0.7987390061841263
41,INT 4-4-2-2,5,97.3398,0.8145254446608712
61,INT 4-2-4-2,5,97.3344,0.7632721008919455
71,INT 4-2-2-4,5,97.3178,0.7300878029387983
41,INT 8-8-4-4,5,97.30760000000001,1.0280662916368788
41,INT 8-8-2-8,5,97.3058,1.119619220985416
41,INT 4-8-2-8,5,97.2942,0.8049268289726675
41,INT 8-8-2-4,5,97.2878,1.1345429476225195
41,INT 8-8-4-8,5,97.275,1.0971529063899943
41,INT 8-8-4-2,5,97.272,1.0620703837317025
41,INT 4-8-2-4,5,97.2678,0.8096123763876142
41,INT 8-8-8-2,5,97.2662,1.0658708645985207
41,INT 8-8-8-8,5,97.2554,1.1356730603479144
61,INT 4-2-8-2,5,97.2462,0.6764907242527382
51,INT 4-2-2-4,5,97.24359999999999,0.5138397610150452
41,INT 8-8-8-4,5,97.2422,1.119539950158097
51,INT 4-2-2-8,5,97.2396,0.5249945714005065
41,INT 4-8-8-8,5,97.2278,0.8722632630118051
41,INT 8-8-2-2,5,97.21459999999999,1.2319390406996635
41,INT 8-4-2-8,5,97.2142,1.2549409149438098
41,INT 8-4-2-2,5,97.20899999999999,1.158478528070333
51,INT 4-2-2-2,5,97.2024,0.463695266311835
41,INT 4-8-8-2,5,97.19640000000001,0.9158571395146682
41,INT 4-8-4-4,5,97.18979999999999,0.8979976057874548
41,INT 4-8-4-2,5,97.18499999999999,0.9545506796393842
41,INT 4-8-4-8,5,97.1778,0.9043587230739764
41,INT 4-4-4-8,5,97.17580000000001,0.9428749651995297
41,INT 4-4-2-8,5,97.16420000000001,1.0430324539533744
41,INT 4-4-2-4,5,97.1588,1.0754913760695655
41,INT 4-4-8-8,5,97.1558,1.025797104694689
41,INT 4-4-8-4,5,97.1434,1.0123498901071755
41,INT 8-4-8-8,5,97.1346,1.2261522336153825
41,INT 4-8-8-4,5,97.1334,0.9304908919489799
51,INT 4-2-4-8,5,97.1292,0.622462609318825
41,INT 4-4-4-4,5,97.1238,1.0033255702911195
41,INT 8-4-4-2,5,97.1208,1.2468829937087094
51,INT 4-2-4-4,5,97.1202,0.6238691369189524
41,INT 8-4-8-2,5,97.11019999999999,1.171017378180188
41,INT 4-4-8-2,5,97.10900000000001,0.947407779153208
41,INT 8-4-2-4,5,97.1024,1.1510335790062758
41,INT 8-4-8-4,5,97.0866,1.1842887316866606
41,INT 4-4-4-2,5,97.08500000000001,0.9831838586958194
41,INT 8-4-4-8,5,97.075,1.1455459397160863
51,INT 4-2-8-8,5,97.06179999999999,0.7209793339617968
51,INT 4-2-8-4,5,97.05499999999999,0.6848897721531529
41,INT 8-2-8-4,5,97.0504,1.299662763950707
41,INT 8-2-8-2,5,97.02799999999999,1.245438677735677
41,INT 8-4-4-4,5,97.0272,1.1233003605447704
41,INT 8-2-4-8,5,97.0218,1.2150260079520931
41,INT 8-2-4-2,5,97.0024,1.2535171718010127
41,INT 8-2-2-8,5,97.00019999999999,1.2184661259140537
41,INT 8-2-8-8,5,96.99080000000001,1.3651057468196348
51,INT 4-2-4-2,5,96.9596,0.5927784577732237
41,INT 8-2-4-4,5,96.9004,1.3188204199207758
51,INT 4-2-8-2,5,96.846,0.5617170106023105
41,INT 8-2-2-2,5,96.8438,1.29190274401752
41,INT 8-2-2-4,5,96.8306,1.1448898636986886
41,INT 4-2-4-2,5,96.8116,1.1477588161281926
41,INT 4-2-8-2,5,96.744,1.2775263206681926
41,INT 4-2-4-8,5,96.6932,1.2464867428095632
41,INT 4-2-4-4,5,96.67580000000001,1.0531923850845128
41,INT 4-2-2-8,5,96.648,1.120140392986525
41,INT 4-2-2-2,5,96.6264,1.0287447691240035
41,INT 4-2-8-4,5,96.623,1.1004346868397015
41,INT 4-2-2-4,5,96.489,1.1384741982144337
41,INT 4-2-8-8,5,96.4042,1.2805837340837936
31,INT 8-8-8-4,5,96.39500000000001,1.6802249849350546
31,INT 8-8-4-2,5,96.36959999999999,1.664183823980998
31,INT 8-4-2-2,5,96.3578,1.782234047480859
31,INT 8-8-4-4,5,96.35,1.63278121620749
31,INT 8-8-2-8,5,96.346,1.665033332999677
31,INT 8-4-4-2,5,96.34479999999999,1.8870098568899973
31,INT 8-4-8-4,5,96.3444,1.9265977265635879
31,INT 8-8-8-8,5,96.3372,1.6563742632629872
31,INT 8-4-4-8,5,96.3348,1.8707756947320067
31,INT 8-8-2-4,5,96.328,1.6335473669287974
31,INT 8-4-8-8,5,96.3216,1.9557007184127078
31,INT 8-8-4-8,5,96.3198,1.6670904894456093
31,INT 8-4-2-8,5,96.2984,1.7795809338155988
31,INT 8-4-8-2,5,96.2936,1.7971645166762005
31,INT 8-8-2-2,5,96.2784,1.5657334702943566
31,INT 8-4-2-4,5,96.27759999999999,1.929019258587118
31,INT 8-8-8-2,5,96.277,1.7856336410361462
31,INT 8-4-4-4,5,96.2664,1.8523628964109615
31,INT 4-8-2-8,5,95.7536,1.765723874222692
31,INT 4-8-2-4,5,95.7512,1.7465362005981961
31,INT 4-8-4-4,5,95.71180000000001,1.720438664992158
31,INT 4-4-2-4,5,95.6908,1.7739012655725799
31,INT 4-8-8-4,5,95.6836,1.731194038806735
31,INT 4-4-2-2,5,95.6786,1.8452302837315453
31,INT 4-8-4-8,5,95.67280000000001,1.7236588119462612
31,INT 4-8-8-8,5,95.6662,1.7183844738590963
31,INT 4-8-2-2,5,95.6656,1.6525705128677486
31,INT 4-4-4-4,5,95.6066,1.7498487934675913
31,INT 4-4-8-4,5,95.5886,1.7625357585025072
31,INT 4-4-2-8,5,95.5762,1.774708201367193
31,INT 4-4-8-2,5,95.565,1.7485555467299316
31,INT 4-4-4-8,5,95.563,1.750460082378345
31,INT 4-8-4-2,5,95.5544,1.7160569046508978
31,INT 4-8-8-2,5,95.5522,1.7320039549608384
31,INT 4-4-8-8,5,95.5282,1.734183583130693
31,INT 4-4-4-2,5,95.4632,1.6951317647899802
31,INT 8-2-4-4,5,95.39680000000001,3.2466277427509347
31,INT 8-2-4-2,5,95.2586,3.1038642528306557
31,INT 8-2-8-2,5,95.21279999999999,3.28396310880618
31,INT 8-2-2-8,5,95.1886,3.115183429591265
31,INT 8-2-8-8,5,95.1854,3.449158346611536
51,INT 2-8-2-8,5,95.1668,1.2878801186445872
81,INT 2-8-2-8,5,95.14959999999999,1.1738983346099467
81,INT 2-8-2-4,5,95.1214,1.223808931165324
51,INT 2-8-2-2,5,95.0676,1.4577946700410152
81,INT 2-8-8-8,5,95.05940000000001,1.3525591669128523
81,INT 2-8-4-8,5,95.0518,1.3700830996695041
81,INT 2-8-4-4,5,95.0358,1.347364724193121
31,INT 8-2-2-2,5,95.0158,3.4868584284424315
81,INT 2-8-8-4,5,95.0082,1.3427159789024516
21,INT 8-8-4-4,5,94.9988,1.7931198231016212
21,INT 8-8-8-8,5,94.9944,1.7924034980996901
81,INT 2-8-2-2,5,94.9912,1.3030394084600803
21,INT 8-4-4-8,5,94.9796,1.8710857275924009
51,INT 2-4-2-4,5,94.96520000000001,1.5222447897759421
31,INT 8-2-2-4,5,94.957,3.3432507384280914
21,INT 8-4-8-8,5,94.9472,1.8763815443560543
21,INT 8-8-8-4,5,94.9456,1.8121775023435136
21,INT 8-4-8-4,5,94.9438,1.8812691726597808
81,INT 2-4-4-8,5,94.9388,1.6488299487818692
21,INT 8-4-4-4,5,94.9328,1.773963274704409
81,INT 2-4-4-4,5,94.9316,1.6293815697988052
21,INT 8-4-8-2,5,94.9144,1.8771512459042843
51,INT 2-8-2-4,5,94.91420000000001,1.747310275823954
21,INT 8-8-4-2,5,94.90299999999999,1.8284842082993185
21,INT 8-4-4-2,5,94.89059999999999,1.872862194610166
81,INT 2-4-8-4,5,94.8868,1.6821341206931089
21,INT 8-8-8-2,5,94.8818,1.8723585927914586
81,INT 2-8-4-2,5,94.8804,1.3636734579803151
21,INT 8-8-2-2,5,94.8794,1.746269538187041
81,INT 2-4-8-8,5,94.8776,1.6102114146906266
51,INT 2-4-2-2,5,94.87,1.6581379616907674
81,INT 2-4-8-2,5,94.8584,1.5889143463384057
81,INT 2-4-2-4,5,94.851,1.5518279543815383
81,INT 2-4-2-8,5,94.84700000000001,1.5331404045292134
21,INT 8-8-2-4,5,94.82820000000001,1.7049183851434078
21,INT 8-8-2-8,5,94.8226,1.771334892108208
21,INT 8-4-2-4,5,94.8222,1.7069969830084588
21,INT 8-4-2-2,5,94.82079999999999,1.7165754279960979
81,INT 2-8-8-2,5,94.8012,1.3884535282104347
21,INT 8-8-4-8,5,94.801,1.9341257715050444
51,INT 2-4-2-8,5,94.7836,1.1406591515435271
31,INT 8-2-4-8,5,94.7788,3.834048343461522
21,INT 8-4-2-8,5,94.745,1.7315926195268945
81,INT 2-4-4-2,5,94.7448,1.5589335136560503
51,INT 2-2-2-8,5,94.6928,1.3103952457178685
81,INT 2-4-2-2,5,94.6754,1.677179268891671
31,INT 4-2-2-4,5,94.65520000000001,2.2136808035486975
51,INT 2-4-8-8,5,94.6534,1.613869976175281
51,INT 2-2-8-8,5,94.652,0.9236866351745071
101,INT 2-4-4-4,5,94.64,2.8729764182812207
51,INT 2-2-4-4,5,94.6276,0.8521433564841049
51,INT 2-4-4-4,5,94.6272,1.62624589161664
51,INT 2-2-4-8,5,94.6214,0.926228805425527
61,INT 2-2-2-4,5,94.6122,1.8956380719958132
31,INT 8-2-8-4,5,94.6042,4.393953481774699
21,INT 4-8-2-4,5,94.5894,1.4939872154740823
51,INT 2-4-4-2,5,94.5724,1.7420490234204093
51,INT 2-2-2-4,5,94.561,1.32394882831626
51,INT 2-8-4-2,5,94.5582,1.782560994748843
51,INT 2-4-8-4,5,94.55260000000001,1.747561815787922
21,INT 4-8-8-4,5,94.5496,1.4580985220484912
21,INT 4-8-4-8,5,94.54159999999999,1.4151311953313743
51,INT 2-4-8-2,5,94.54159999999999,1.8208618289150877
21,INT 4-8-8-8,5,94.5338,1.4375771979271221
31,INT 4-2-8-2,5,94.5336,2.538806570024584
51,INT 2-8-4-4,5,94.5336,1.8572071236133032
71,INT 2-4-4-4,5,94.5306,2.2199784458413125
21,INT 4-8-4-4,5,94.527,1.4616406877204795
51,INT 2-8-8-2,5,94.5258,1.8439363329572993
21,INT 4-8-8-2,5,94.5088,1.4539445312665802
101,INT 2-4-2-2,5,94.5032,3.0709060063766276
31,INT 4-2-4-2,5,94.4992,2.561788574414367
31,INT 4-2-8-8,5,94.4988,2.603063522083163
101,INT 2-4-8-4,5,94.4956,2.7905241084785484
21,INT 4-8-2-8,5,94.4946,1.5834123910087352
31,INT 4-2-4-8,5,94.4944,2.5264268839608297
51,INT 2-8-8-8,5,94.48679999999999,1.9012211076042695
21,INT 4-4-2-8,5,94.4788,1.4040308757288738
61,INT 2-2-8-8,5,94.47200000000001,1.9822029411742867
101,INT 2-4-2-4,5,94.4704,2.947910921313598
51,INT 2-2-8-2,5,94.4614,1.1021915895160914
21,INT 4-8-2-2,5,94.4592,1.42589820814811
61,INT 2-2-4-4,5,94.441,2.170814017828334
31,INT 4-2-4-4,5,94.4396,2.3863788048002705
51,INT 2-4-4-8,5,94.439,1.258894157584347
21,INT 4-8-4-2,5,94.41940000000001,1.3761743348863962
71,INT 2-8-4-4,5,94.4178,2.232401330406349
101,INT 2-4-4-8,5,94.4008,2.812597322760579
21,INT 4-4-8-4,5,94.3952,1.5363436139093374
71,INT 2-8-2-4,5,94.3806,2.02704052746856
71,INT 2-8-2-8,5,94.37480000000001,2.190012488548864
71,INT 2-4-8-8,5,94.3742,2.142742798377822
21,INT 4-4-8-8,5,94.3588,1.504614302736751
71,INT 2-4-8-4,5,94.3578,2.1967506003185715
21,INT 4-4-2-4,5,94.3564,1.588592710546032
21,INT 4-4-4-4,5,94.3548,1.5363159505778763
101,INT 2-8-2-8,5,94.35260000000001,3.3287409481664425
61,INT 2-2-8-4,5,94.352,2.256929440633889
101,INT 2-4-4-2,5,94.3454,3.071023982322509
21,INT 4-4-4-2,5,94.3414,1.3924323322876375
21,INT 4-4-4-8,5,94.33840000000001,1.430595435474329
61,INT 2-8-2-4,5,94.33779999999999,1.70755708542936
101,INT 2-2-2-8,5,94.3374,2.695866613911007
101,INT 2-4-2-8,5,94.3368,2.991384077646999
31,INT 4-2-2-8,5,94.315,3.134216010424301
61,INT 2-2-2-8,5,94.3098,1.8470644818197357
101,INT 2-8-2-4,5,94.3012,3.3348015233293897
51,INT 2-8-4-8,5,94.29960000000001,2.2044885574663313
21,INT 4-4-8-2,5,94.298,1.3753788568972565
31,INT 4-2-2-2,5,94.29480000000001,2.3913558288134356
51,INT 2-2-4-2,5,94.2942,1.5914099723201396
61,INT 2-2-4-8,5,94.2924,1.9020387220033135
71,INT 2-8-4-8,5,94.289,2.126486538871104
71,INT 2-4-2-2,5,94.28720000000001,2.5978658933824885
71,INT 2-4-4-8,5,94.2812,2.383221601110572
71,INT 2-4-8-2,5,94.2726,2.5825185962544444
71,INT 2-8-8-8,5,94.2696,2.1777043646923273
71,INT 2-4-2-8,5,94.26939999999999,2.147556006254554
71,INT 2-4-4-2,5,94.256,2.6099056496356337
101,INT 2-8-8-8,5,94.252,3.311678652888892
71,INT 2-8-8-4,5,94.23620000000001,2.1646702289263358
101,INT 2-8-4-8,5,94.23440000000001,3.295647022968333
101,INT 2-4-8-2,5,94.2328,2.9693237782363884
101,INT 2-8-4-4,5,94.2182,3.2902573911473834
51,INT 2-2-2-2,5,94.2132,1.60653437560483
31,INT 4-2-8-4,5,94.2096,3.021883071860994
101,INT 2-8-8-4,5,94.20660000000001,3.3314118328420443
101,INT 2-8-8-2,5,94.1994,3.3130007998791626
71,INT 2-8-8-2,5,94.1698,2.5787493480367623
71,INT 2-4-2-4,5,94.1542,2.1643114840521465
21,INT 4-4-2-2,5,94.1502,1.5059178928480792
101,INT 2-8-2-2,5,94.1276,3.6323316616190273
101,INT 2-8-4-2,5,94.1238,3.3731611583201935
101,INT 2-2-4-8,5,94.1194,3.025700299104324
51,INT 2-8-8-4,5,94.089,2.2611281476289675
61,INT 2-4-2-4,5,94.0672,1.6835571567368897
81,INT 2-2-4-4,5,94.0442,1.6423839989478703
61,INT 2-4-2-8,5,94.0318,1.7192176127529681
61,INT 2-8-2-8,5,94.0314,2.0520059210440866
61,INT 2-2-8-2,5,94.023,2.0798737942481047
61,INT 2-8-2-2,5,94.00460000000001,1.5306873619390746
101,INT 2-2-2-4,5,93.997,3.2491300374100143
91,INT 2-8-2-8,5,93.9782,4.339767816369905
71,INT 2-8-4-2,5,93.9768,2.4957156689014126
61,INT 2-2-4-2,5,93.9682,2.13539520932309
91,INT 2-8-2-4,5,93.9376,4.328257593997843
81,INT 2-2-8-8,5,93.92699999999999,1.9549425822770365
51,INT 2-2-8-4,5,93.909,1.439159998054419
81,INT 2-2-8-4,5,93.8894,1.5978857280794487
91,INT 2-2-2-4,5,93.8888,3.2630668396464113
61,INT 2-4-2-2,5,93.86600000000001,1.6342885302173498
101,INT 2-2-8-8,5,93.8558,2.5267929673797993
71,INT 2-8-2-2,5,93.83,2.470528081200454
81,INT 2-2-4-8,5,93.8298,1.6977940687845532
61,INT 2-2-2-2,5,93.8212,2.0774396982824763
61,INT 2-8-8-8,5,93.804,2.0525513391874033
91,INT 2-2-4-8,5,93.7936,3.3817153635396324
81,INT 2-2-2-4,5,93.7764,1.814274042144681
91,INT 2-4-2-8,5,93.7686,4.2872243118362645
101,INT 2-2-8-2,5,93.7622,3.4017180512205862
61,INT 2-8-4-2,5,93.7526,1.9137032946619528
91,INT 2-8-2-2,5,93.744,4.5551324898404415
101,INT 2-2-2-2,5,93.7196,3.4918150437845332
91,INT 2-2-2-8,5,93.717,3.3186962048370776
81,INT 2-2-2-2,5,93.71560000000001,1.496324262985804
101,INT 2-2-4-4,5,93.70660000000001,2.96707714763199
61,INT 2-8-8-2,5,93.70219999999999,1.9331266642411185
91,INT 2-8-4-4,5,93.6852,4.65306401202477
61,INT 2-4-8-4,5,93.683,1.9970672247072718
61,INT 2-4-4-8,5,93.6702,2.081671852141927
61,INT 2-4-4-4,5,93.6646,2.0043236515094067
91,INT 2-8-4-8,5,93.6632,4.7079457515991
61,INT 2-8-4-8,5,93.659,2.175665875082848
91,INT 2-2-4-4,5,93.6568,3.4304052530276956
61,INT 2-4-8-8,5,93.6524,2.0945238838456777
81,INT 2-2-2-8,5,93.6416,1.5240289695409377
61,INT 2-8-4-4,5,93.63300000000001,2.1212565851400464
101,INT 2-2-4-2,5,93.631,3.385096527427257
81,INT 2-2-8-2,5,93.6254,1.9086152833926526
91,INT 2-8-8-4,5,93.6234,4.796328001711307
61,INT 2-4-4-2,5,93.617,1.9577762895693702
91,INT 2-2-2-2,5,93.61580000000001,3.609498261531645
81,INT 2-2-4-2,5,93.565,1.9627219619701637
91,INT 2-4-2-4,5,93.5516,4.652984558323826
101,INT 2-2-8-4,5,93.55019999999999,3.1921116365190008
91,INT 2-8-8-8,5,93.5452,4.9749869547567656
91,INT 2-2-8-8,5,93.5396,3.634134670041832
91,INT 2-2-8-4,5,93.532,3.7672918655182586
71,INT 2-2-2-8,5,93.5248,2.4431402333881684
71,INT 2-2-2-4,5,93.4744,2.377190421484992
91,INT 2-2-8-2,5,93.473,3.7985932264458118
91,INT 2-8-4-2,5,93.4706,4.864551037865668
101,INT 2-4-8-8,5,93.4548,4.203427732220452
71,INT 2-2-4-4,5,93.4284,1.960983758219325
91,INT 2-8-8-2,5,93.4044,5.067064663096374
71,INT 2-2-8-4,5,93.3648,2.31981684621868
91,INT 2-4-2-2,5,93.3596,4.576046689010074
61,INT 2-8-8-4,5,93.326,2.8822791329085407
21,INT 8-2-8-2,5,93.30499999999999,2.1750565509889697
91,INT 2-4-4-8,5,93.29740000000001,5.303739086719854
91,INT 2-2-4-2,5,93.2966,3.7506562492449245
91,INT 2-4-4-4,5,93.28299999999999,5.287219921660153
21,INT 8-2-2-2,5,93.27799999999999,2.0733370444768506
91,INT 2-4-8-2,5,93.218,5.0079841752944905
91,INT 2-4-8-8,5,93.13040000000001,5.679101627898556
71,INT 2-2-4-8,5,93.0958,2.317198027791326
21,INT 8-2-2-8,5,93.0784,2.290700831623368
61,INT 2-4-8-2,5,93.06960000000001,3.0553267092080363
21,INT 8-2-8-4,5,93.0584,2.346189101500561
21,INT 8-2-4-8,5,93.01700000000001,2.3455183861995224
91,INT 2-4-8-4,5,92.9516,5.889679388557581
91,INT 2-4-4-2,5,92.9418,5.630374206036396
21,INT 8-2-8-8,5,92.8768,2.383709021671896
41,INT 2-8-2-8,5,92.86,2.9053642628765153
41,INT 2-4-2-2,5,92.8578,2.520116406041593
71,INT 2-2-8-2,5,92.856,2.7872392254702545
71,INT 2-2-2-2,5,92.8464,2.717602767146071
71,INT 2-2-8-8,5,92.8444,2.2530319127788654
41,INT 2-4-2-8,5,92.83399999999999,2.570879713249923
71,INT 2-2-4-2,5,92.80879999999999,2.599491142512318
41,INT 2-8-8-8,5,92.7924,3.1469506351387198
41,INT 2-4-2-4,5,92.7816,2.5943660690041446
41,INT 2-8-8-2,5,92.7714,3.0892090087917365
41,INT 2-8-8-4,5,92.7698,3.115010224702321
41,INT 2-8-2-4,5,92.767,2.954917511539031
41,INT 2-8-4-2,5,92.764,3.093878876103584
41,INT 2-8-4-4,5,92.7418,3.153014065937545
21,INT 8-2-4-4,5,92.7342,2.321728817067144
41,INT 2-8-4-8,5,92.7298,3.1982637789900936
41,INT 2-8-2-2,5,92.71759999999999,2.823048759763102
41,INT 2-4-4-2,5,92.7048,2.916442473288312
21,INT 8-2-2-4,5,92.70320000000001,2.3321532325299734
41,INT 2-4-8-8,5,92.69539999999999,3.080836136505808
41,INT 2-4-8-4,5,92.6952,3.0468946814748907
21,INT 4-2-4-8,5,92.6892,1.730260876284268
41,INT 2-4-4-4,5,92.663,3.0192345056321823
41,INT 2-4-8-2,5,92.6562,3.002169249059755
21,INT 4-2-4-2,5,92.6352,1.7261977580798813
21,INT 8-2-4-2,5,92.5544,2.5368264229150608
41,INT 2-4-4-8,5,92.5186,2.960455927724648
21,INT 4-2-8-8,5,92.4984,1.7293765639674863
21,INT 4-2-4-4,5,92.4588,1.6266384662856035
21,INT 4-2-2-4,5,92.2908,1.7150899976386087
21,INT 4-2-2-2,5,92.28920000000001,1.8880530183233781
21,INT 4-2-8-2,5,92.2158,1.8291590144107273
41,INT 2-2-4-4,5,92.1324,3.6104232854334413
21,INT 4-2-8-4,5,92.1148,1.865369051957275
41,INT 2-2-8-8,5,92.0984,3.682205969252668
41,INT 2-2-4-2,5,92.07079999999999,3.377763342805418
41,INT 2-2-8-4,5,92.0386,3.587824382547168
41,INT 2-2-4-8,5,91.95320000000001,3.578026788608499
41,INT 2-2-2-2,5,91.7794,3.2123929242855773
41,INT 2-2-2-8,5,91.72380000000001,3.747541354007982
21,INT 4-2-2-8,5,91.7088,2.086196227587422
41,INT 2-2-8-2,5,91.5808,4.613529093871628
41,INT 2-2-2-4,5,91.26759999999999,3.6977079792758136
31,INT 2-2-8-4,5,90.18119999999999,1.7294118075230054
31,INT 2-2-4-4,5,89.85560000000001,1.870530486252497
31,INT 2-2-8-8,5,89.8546,2.0885928995378675
31,INT 2-2-2-2,5,89.8306,1.7906538749853393
31,INT 2-2-4-2,5,89.8274,1.8429846174073186
31,INT 2-2-2-4,5,89.7174,1.9927929646604046
31,INT 2-2-4-8,5,89.685,2.018334833470409
31,INT 2-8-2-8,5,89.3974,3.429838378116376
31,INT 2-8-4-8,5,89.367,3.272377194028831
31,INT 2-8-8-8,5,89.34020000000001,3.2089990183856356
31,INT 2-8-8-4,5,89.3344,3.223305027452413
31,INT 2-8-4-4,5,89.3288,3.319186752805573
31,INT 2-4-8-4,5,89.2784,3.126925534770539
31,INT 2-8-2-2,5,89.2488,3.244947642104573
31,INT 2-8-2-4,5,89.229,3.324173205475309
31,INT 2-2-2-8,5,89.21860000000001,2.216719716157184
31,INT 2-8-4-2,5,89.2148,3.150224864989805
31,INT 2-2-8-2,5,89.2082,2.719347201076016
31,INT 2-8-8-2,5,89.20660000000001,3.2191438768716165
31,INT 2-4-2-2,5,89.1658,3.1362339198471814
31,INT 2-4-2-4,5,89.14059999999999,3.402436670975669
31,INT 2-4-8-8,5,89.12440000000001,3.025405229056104
31,INT 2-4-2-8,5,89.0826,3.5658187418880405
31,INT 2-4-4-2,5,89.0338,3.078522811349632
31,INT 2-4-4-8,5,89.005,2.9774952560835404
31,INT 2-4-4-4,5,88.7806,3.181548255173888
31,INT 2-4-8-2,5,88.7336,2.9614875147465995
21,INT 2-4-8-4,5,88.71119999999999,3.2452933919755256
21,INT 2-8-8-4,5,88.6602,3.6682800738220647
21,INT 2-8-8-8,5,88.5848,3.7397728808043933
21,INT 2-4-8-2,5,88.5282,3.6219186490035913
21,INT 2-8-2-4,5,88.526,3.5986194575142285
21,INT 2-8-4-2,5,88.5138,3.8370729338911445
21,INT 2-8-4-4,5,88.51,3.7904409374108425
21,INT 2-8-8-2,5,88.5058,3.8381215066748475
21,INT 2-4-8-8,5,88.4758,3.370720724118218
21,INT 2-4-2-8,5,88.44239999999999,3.0845701969642354
21,INT 2-8-2-2,5,88.4366,3.6111216124633643
21,INT 2-4-4-2,5,88.3486,3.6316471882604433
21,INT 2-4-4-4,5,88.2656,3.7941690526385403
21,INT 2-8-4-8,5,88.2316,3.45806742270881
21,INT 2-4-4-8,5,88.1866,3.834550990663708
21,INT 2-4-2-2,5,88.15180000000001,3.867367476721085
21,INT 2-8-2-8,5,88.1138,3.822830064232518
21,INT 2-4-2-4,5,87.7444,3.310312115193974
21,INT 2-2-8-8,5,86.62100000000001,2.606974587524781
21,INT 2-2-2-8,5,86.467,2.302510369140616
21,INT 2-2-8-4,5,86.40180000000001,2.4176384551872134
21,INT 2-2-4-8,5,86.2688,3.2415709463159974
21,INT 2-2-4-4,5,86.1442,3.455154005250707
21,INT 2-2-4-2,5,86.02340000000001,3.120032419703362
21,INT 2-2-8-2,5,85.9432,2.4730490694686957
21,INT 2-2-2-2,5,85.8428,2.6402059957510864
21,INT 2-2-2-4,5,85.73479999999999,3.191609108271248
11,INT 8-8-8-8,5,84.8388,2.8829746270128718
11,INT 8-4-4-8,5,84.8178,2.7237965599508374
11,INT 8-8-4-8,5,84.7912,3.1739653747323637
11,INT 8-8-8-2,5,84.7226,3.0465982340965088
11,INT 8-4-8-2,5,84.6966,2.7825192362317956
11,INT 8-8-8-4,5,84.652,2.9754788690225946
11,INT 8-8-2-8,5,84.5966,2.985702647619148
11,INT 8-8-4-4,5,84.5806,3.3591688406509133
11,INT 8-8-4-2,5,84.5528,3.222586647399879
11,INT 8-4-4-4,5,84.5492,2.289735945474934
11,INT 4-8-8-2,5,84.4648,3.127337397851406
11,INT 4-4-8-4,5,84.4558,2.170792988748578
11,INT 4-8-8-4,5,84.4356,3.0375342467205133
11,INT 4-8-4-4,5,84.41760000000001,2.965445632615782
11,INT 4-8-8-8,5,84.4144,2.9713876051434336
11,INT 8-4-8-8,5,84.39099999999999,3.0829103133240796
11,INT 8-4-4-2,5,84.378,2.3112605867794245
11,INT 4-8-4-2,5,84.35499999999999,2.9533859382071905
11,INT 8-8-2-2,5,84.3346,2.845699790912591
11,INT 8-8-2-4,5,84.3016,2.4354219962873045
11,INT 4-8-4-8,5,84.26320000000001,3.047128599189734
11,INT 8-4-2-4,5,84.2536,2.6574525960024182
11,INT 8-4-2-8,5,84.2438,3.2457377743742604
11,INT 8-4-8-4,5,84.2172,3.3827222321674646
11,INT 4-8-2-8,5,84.2128,2.9807531263088483
11,INT 4-8-2-4,5,84.2124,2.793793890035553
11,INT 4-4-2-8,5,84.2008,2.6185494457810052
11,INT 8-4-2-2,5,84.113,2.949073668120215
11,INT 4-4-4-8,5,84.0342,3.307936773881878
11,INT 4-4-8-8,5,84.0068,3.0819322997106906
11,INT 4-8-2-2,5,83.99499999999999,2.6503236594801036
11,INT 4-4-4-4,5,83.753,3.5062663190350976
11,INT 4-4-2-4,5,83.6488,3.0150390876404876
11,INT 4-4-8-2,5,83.30120000000001,4.357407509058568
11,INT 4-4-2-2,5,83.2898,3.100648270926584
11,INT 4-4-4-2,5,83.2552,3.235874024123932
11,INT 8-2-4-4,5,82.87899999999999,2.2365796431158027
11,INT 4-2-8-8,5,82.5494,1.7869918298638001
11,INT 8-2-8-4,5,82.5054,1.8612148720660895
11,INT 8-2-8-8,5,82.431,2.4654932569366266
11,INT 8-2-2-8,5,82.3498,2.249719915900639
11,INT 8-2-2-4,5,82.3026,2.191685492948292
11,INT 8-2-4-2,5,82.1716,2.2404863980841347
11,INT 8-2-8-2,5,82.16499999999999,1.8230752864322375
11,INT 4-2-8-2,5,82.148,1.7586001535312095
11,INT 8-2-2-2,5,82.1216,0.9463766691967834
11,INT 8-2-4-8,5,82.09479999999999,2.0084406140087876
11,INT 4-2-4-4,5,82.0486,1.8164265192955114
11,INT 4-2-4-2,5,81.6096,2.134951123562317
11,INT 4-2-4-8,5,81.5738,2.75710377026328
11,INT 4-2-8-4,5,81.26939999999999,2.611942916680986
11,INT 4-2-2-4,5,81.187,1.6463801201423711
11,INT 4-2-2-2,5,80.9222,2.04443077652436
11,INT 4-2-2-8,5,80.7826,1.2267001671150088
11,INT 2-8-8-4,5,78.01140000000001,3.437096929095836
11,INT 2-8-4-4,5,77.959,3.30509833439188
11,INT 2-8-8-8,5,77.9232,3.475554373046116
11,INT 2-8-4-8,5,77.869,3.394837624982967
11,INT 2-4-8-4,5,77.62899999999999,3.6759573582945726
11,INT 2-4-4-4,5,77.62660000000001,3.682026656611824
11,INT 2-4-8-8,5,77.2642,3.5480369502021802
11,INT 2-4-4-8,5,77.263,3.7040770780317187
11,INT 2-8-8-2,5,77.05359999999999,3.4674199774472076
11,INT 2-8-4-2,5,77.00640000000001,3.3112127385596968
11,INT 2-4-4-2,5,76.9926,3.4158413751226817
11,INT 2-8-2-8,5,76.9308,3.353621803364238
11,INT 2-4-8-2,5,76.8222,3.410095409222449
11,INT 2-8-2-4,5,76.7844,3.5814246885841428
11,INT 2-4-2-8,5,76.7754,3.047626092551386
11,INT 2-8-2-2,5,76.4804,3.338940370836235
11,INT 2-4-2-4,5,76.27000000000001,3.308638239517888
11,INT 2-4-2-2,5,75.744,3.6424845229595717
11,INT 2-2-8-4,5,75.73140000000001,3.2215718678930623
11,INT 2-2-8-8,5,75.6308,3.159792904606249
11,INT 2-2-4-8,5,75.44980000000001,2.935236055243264
11,INT 2-2-4-4,5,75.265,4.135732039192087
11,INT 2-2-4-2,5,74.739,2.9103157904254946
11,INT 2-2-2-4,5,74.5544,2.3586948297734485
11,INT 2-2-8-2,5,74.5146,2.730259566414885
11,INT 2-2-2-8,5,74.25699999999999,2.8737454654161665
11,INT 2-2-2-2,5,74.1192,2.782213722919218
5,INT 8-8-8-4,5,69.92580000000001,0.8720479917986215
5,INT 8-8-8-2,5,69.8458,0.8562626349432725
5,INT 8-8-4-8,5,69.796,0.8930109181863303
5,INT 8-8-4-4,5,69.78240000000001,0.9909595349962574
5,INT 8-8-8-8,5,69.7598,0.8440069312511621
5,INT 8-8-4-2,5,69.7534,0.9157744263736604
5,INT 8-8-2-2,5,69.2028,1.2328798400493128
5,INT 8-8-2-4,5,69.1702,1.041757265393431
5,INT 8-4-8-8,5,69.1348,0.9369726250003261
5,INT 8-8-2-8,5,69.1078,1.2218973770329484
5,INT 8-4-8-2,5,68.95320000000001,0.7489577424661551
5,INT 8-4-4-8,5,68.89779999999999,1.1168324404314172
5,INT 8-4-8-4,5,68.7992,0.8769878562443186
5,INT 8-4-4-2,5,68.7124,0.8547948876777436
5,INT 8-4-2-8,5,68.6256,0.7717465905334587
5,INT 4-8-8-8,5,68.463,1.7672032990010007
5,INT 4-8-4-8,5,68.4092,1.3015360924692039
5,INT 4-8-2-2,5,68.3418,1.2323971356669023
5,INT 4-8-8-2,5,68.327,0.8680817933812488
5,INT 8-4-4-4,5,68.30879999999999,0.4291324970216073
5,INT 4-8-8-4,5,68.2354,2.092164620673999
5,INT 4-8-2-8,5,68.1694,1.4982886237304252
5,INT 4-8-4-4,5,68.1336,1.9757477824864145
5,INT 8-4-2-4,5,68.09299999999999,0.4291683818736025
5,INT 4-8-2-4,5,68.0272,1.8252282596979474
5,INT 8-4-2-2,5,67.9964,0.5699248196034288
5,INT 4-8-4-2,5,67.9932,1.650759582737603
5,INT 4-4-8-4,5,67.7974,1.4312140999864422
5,INT 4-4-4-8,5,67.6888,1.4702505568779782
5,INT 4-4-4-4,5,67.6674,1.4831219774516178
5,INT 4-4-8-2,5,67.6346,1.4439575132253744
5,INT 4-4-4-2,5,67.5364,1.2095444597037366
5,INT 4-4-2-4,5,67.3998,1.459363114512631
5,INT 4-4-8-8,5,67.373,2.10399679182265
5,INT 4-4-2-8,5,66.7696,1.5992807133208355
5,INT 4-4-2-2,5,66.3852,0.8846910195090693
5,INT 8-2-4-4,5,64.4528,1.9575877247265339
5,INT 8-2-8-2,5,64.4486,2.0599909708540003
5,INT 8-2-8-8,5,64.37440000000001,2.1388979171526645
5,INT 8-2-4-8,5,64.237,2.044285082859044
5,INT 8-2-8-4,5,64.12039999999999,2.88884774607455
5,INT 4-2-4-4,5,63.8514,2.7935146858393316
5,INT 8-2-2-2,5,63.6856,2.455055661283466
5,INT 8-2-4-2,5,63.5788,2.791351858866956
5,INT 4-2-4-8,5,63.4524,3.452379295500423
5,INT 8-2-2-4,5,63.3972,3.0196701309911353
5,INT 4-2-4-2,5,63.3768,2.726434613189909
5,INT 4-2-2-4,5,63.368399999999994,3.5741952660703906
5,INT 4-2-8-8,5,63.309400000000004,3.5326531530848024
5,INT 4-2-8-2,5,63.22619999999999,3.8786460524260296
5,INT 2-8-8-8,5,63.1654,0.8204707794918743
5,INT 8-2-2-8,5,63.1558,2.655604017921345
5,INT 4-2-2-8,5,63.142399999999995,2.656490786733504
5,INT 2-8-8-4,5,63.063599999999994,1.0019539909596633
5,INT 4-2-8-4,5,63.041,3.544060453773325
5,INT 2-8-2-4,5,62.8498,1.8647675994611252
5,INT 2-8-8-2,5,62.8476,0.8169827415557814
5,INT 2-8-4-4,5,62.839,1.0186238265424592
5,INT 2-8-2-8,5,62.8356,1.8898345959369045
5,INT 2-8-4-8,5,62.806799999999996,0.973818617608024
5,INT 2-8-4-2,5,62.757600000000004,0.7474411682533937
5,INT 4-2-2-2,5,62.705,3.9398762036388915
5,INT 2-4-8-8,5,62.67960000000001,1.0991011327443885
5,INT 2-4-4-4,5,62.636799999999994,1.377021858940517
5,INT 2-4-4-8,5,62.3898,1.2188766139359664
5,INT 2-4-2-4,5,62.361799999999995,1.8551565163079866
5,INT 2-8-2-2,5,62.3332,1.0498636578146705
5,INT 2-4-8-4,5,62.2798,1.530488876143831
5,INT 2-4-2-8,5,62.0548,1.6060595256714487
5,INT 2-4-8-2,5,61.94539999999999,1.1559458464824395
5,INT 2-4-4-2,5,61.9388,0.9572976026294022
5,INT 2-4-2-2,5,61.4952,1.5123024499087483
5,INT 2-2-8-8,5,59.5576,1.9879686365735256
5,INT 2-2-4-2,5,59.303999999999995,2.868620748722284
5,INT 2-2-4-8,5,59.2938,1.6504524228222992
5,INT 2-2-2-4,5,59.2722,2.0337314719500217
5,INT 2-2-8-4,5,59.196000000000005,2.0955854790487543
5,INT 2-2-2-8,5,59.151599999999995,2.1565910136138484
5,INT 2-2-4-4,5,58.87480000000001,2.749284488735206
5,INT 2-2-8-2,5,58.8668,2.5589195376173937
5,INT 2-2-2-2,5,58.787,1.4244304124807226
